DSL Id,Current RCA Value,Primary IP,DSL ID:RCA:IP,HUB,Circle
01185233617_dsl,VTA-U-409600-1024-NA-1062-R,61.95.235.195,01185233617_dsl:VTA-U-409600-1024-NA-1062-R:61.95.235.195,North,Delhi
01145506123_dsl,VTA-U-409600-1024-NA-811-E,61.95.235.172,01145506123_dsl:VTA-U-409600-1024-NA-811-E:61.95.235.172,North,Delhi
01146068568_dsl,VTA-U-24576-1024-NA-1219-R,61.95.234.202,01146068568_dsl:VTA-U-24576-1024-NA-1219-R:61.95.234.202,North,Haryana
01194061263_dsl,VTA-U-409600-1024-NA-518-R,61.95.234.174,01194061263_dsl:VTA-U-409600-1024-NA-518-R:61.95.234.174,North,Delhi
01192494719_dsl,VTA-U-163841-1024-NA-730-E,61.95.234.163,01192494719_dsl:VTA-U-163841-1024-NA-730-E:61.95.234.163,North,Delhi
01193885628_dsl,VTA-U-20480-1024-NA-1028-E,61.95.220.80,01193885628_dsl:VTA-U-20480-1024-NA-1028-E:61.95.220.80,North,Delhi
01195078988_dsl,VTA-U-81922-1024-NA-946-E,61.95.220.168,01195078988_dsl:VTA-U-81922-1024-NA-946-E:61.95.220.168,North,Delhi
01181017018_dsl,VTA-U-409600-1024-NA-686-R,61.247.230.14,01181017018_dsl:VTA-U-409600-1024-NA-686-R:61.247.230.14,North,Delhi
01191905807_dsl,VTA-U-409600-1024-NA-876-R,61.247.228.55,01191905807_dsl:VTA-U-409600-1024-NA-876-R:61.247.228.55,North,Delhi
01142475526_dsl,VTA-U-163841-1024-NA-632-R,61.247.228.245,01142475526_dsl:VTA-U-163841-1024-NA-632-R:61.247.228.245,North,Delhi
01192500506_dsl,VTA-U-81922-1024-NA-1009-E,61.247.228.194,01192500506_dsl:VTA-U-81922-1024-NA-1009-E:61.247.228.194,North,Delhi
01192489572_dsl,VTA-U-163841-1024-NA-972-R,61.247.228.165,01192489572_dsl:VTA-U-163841-1024-NA-972-R:61.247.228.165,North,Delhi
01192491687_dsl,VTA-U-409600-1024-NA-348-R,61.247.228.159,01192491687_dsl:VTA-U-409600-1024-NA-348-R:61.247.228.159,North,Delhi
01174722701_dsl,VTA-U-163841-1024-NA-1050-E,61.246.6.99,01174722701_dsl:VTA-U-163841-1024-NA-1050-E:61.246.6.99,North,Delhi
01191455308_dsl,VTA-U-409600-1024-NA-910-E,61.246.6.76,01191455308_dsl:VTA-U-409600-1024-NA-910-E:61.246.6.76,North,Delhi
01145085803_dsl,VTA-U-163841-1024-NA-854-E,61.246.6.248,01145085803_dsl:VTA-U-163841-1024-NA-854-E:61.246.6.248,North,Delhi
01191931984_dsl,VTA-U-409600-1024-NA-341-R,61.246.6.210,01191931984_dsl:VTA-U-409600-1024-NA-341-R:61.246.6.210,North,Delhi
018037473456_dsl,VTA-U-163841-1024-NA-259-R,61.246.6.179,018037473456_dsl:VTA-U-163841-1024-NA-259-R:61.246.6.179,North,North - Haryana
01151424849_dsl,VTA-U-409600-1024-NA-982-R,61.246.5.189,01151424849_dsl:VTA-U-409600-1024-NA-982-R:61.246.5.189,North,Delhi
01172926069_dsl,VTA-U-409600-1024-NA-1231-R,61.246.5.140,01172926069_dsl:VTA-U-409600-1024-NA-1231-R:61.246.5.140,North,Delhi
01146526617_dsl,VTA-U-409600-1024-NA-506-R,61.246.47.251,01146526617_dsl:VTA-U-409600-1024-NA-506-R:61.246.47.251,North,Delhi
01191922735_dsl,VTA-U-409600-1024-NA-196-E,61.246.47.232,01191922735_dsl:VTA-U-409600-1024-NA-196-E:61.246.47.232,North,Delhi
01143515747_dsl,VTA-U-24576-1024-NA-1084-E,61.246.47.182,01143515747_dsl:VTA-U-24576-1024-NA-1084-E:61.246.47.182,North,Delhi
01147014141_dsl,VTA-U-409600-1024-NA-100-R,61.246.47.117,01147014141_dsl:VTA-U-409600-1024-NA-100-R:61.246.47.117,North,Delhi
01191892654_dsl,VTA-U-163841-1024-NA-657-R,61.246.36.86,01191892654_dsl:VTA-U-163841-1024-NA-657-R:61.246.36.86,North,Delhi
01191937709_dsl,VTA-U-409600-1024-NA-512-R,61.246.36.192,01191937709_dsl:VTA-U-409600-1024-NA-512-R:61.246.36.192,North,Delhi
01191445736_dsl,VTA-U-409600-1024-NA-1245-E,61.246.34.32,01191445736_dsl:VTA-U-409600-1024-NA-1245-E:61.246.34.32,North,Delhi
01191456355_dsl,VTA-U-409600-1024-NA-4333-R,61.246.34.135,01191456355_dsl:VTA-U-409600-1024-NA-4333-R:61.246.34.135,North,Delhi
012438136904_dsl,VTA-U-163841-1024-NA-457-E,61.246.32.231,012438136904_dsl:VTA-U-163841-1024-NA-457-E:61.246.32.231,North,Haryana
012038137047_dsl,VTA-U-409600-1024-NA-854-R,61.246.32.182,012038137047_dsl:VTA-U-409600-1024-NA-854-R:61.246.32.182,North,U.P West
07614031453_dsl,VTA-U-24576-1024-NA-1110-R,61.246.140.61,07614031453_dsl:VTA-U-24576-1024-NA-1110-R:61.246.140.61,West,MP
07314072607_dsl,VTA-U-20480-512-NA-1057-E,61.246.140.252,07314072607_dsl:VTA-U-20480-512-NA-1057-E:61.246.140.252,West,MP
07555290791,VTA-U-409600-1024-NA-1250-R,61.246.140.225,07555290791:VTA-U-409600-1024-NA-1250-R:61.246.140.225,West,MP
07314045650_mp,VTA-U-409600-1024-NA-601-R,61.246.140.216,07314045650_mp:VTA-U-409600-1024-NA-601-R:61.246.140.216,West,MP
07344011105_dsl,VTA-U-81922-1024-NA-495-E,61.246.140.212,07344011105_dsl:VTA-U-81922-1024-NA-495-E:61.246.140.212,West,MP
07480401598_mp,VTA-U-40960-1024-NA-540-R,61.246.140.14,07480401598_mp:VTA-U-40960-1024-NA-540-R:61.246.140.14,West,MP
076622404155_mp,VTA-U-81922-1024-NA-1075-E,61.246.139.84,076622404155_mp:VTA-U-81922-1024-NA-1075-E:61.246.139.84,West,MP
07314279528_mp,VTA-U-163841-1024-NA-829-E,61.246.139.82,07314279528_mp:VTA-U-163841-1024-NA-829-E:61.246.139.82,West,MP
07884010599_dsl,VTA-U-20480-1024-NA-417-E,61.246.139.211,07884010599_dsl:VTA-U-20480-1024-NA-417-E:61.246.139.211,West,MP
07314027663_dsl,VTA-U-163841-1024-NA-385-R,61.246.139.202,07314027663_dsl:VTA-U-163841-1024-NA-385-R:61.246.139.202,West,MP
07714266558_mp,VTA-U-20480-1024-NA-346-R,61.246.139.20,07714266558_mp:VTA-U-20480-1024-NA-346-R:61.246.139.20,West,MP
07884010525_mp,VTA-U-20480-1024-NA-310-E,61.246.139.109,07884010525_mp:VTA-U-20480-1024-NA-310-E:61.246.139.109,West,MP
01191361229_dsl,VTA-U-163841-1024-NA-998-E,59.144.174.58,01191361229_dsl:VTA-U-163841-1024-NA-998-E:59.144.174.58,North,Delhi
01191308973_dsl,VTA-U-163841-1024-NA-870-R,59.144.174.184,01191308973_dsl:VTA-U-163841-1024-NA-870-R:59.144.174.184,North,Delhi
01191364860_dsl,VTA-U-409600-1024-NA-892-R,59.144.174.156,01191364860_dsl:VTA-U-409600-1024-NA-892-R:59.144.174.156,North,Delhi
01188218708_dsl,,59.144.173.44,01188218708_dsl::59.144.173.44,North,Haryana
01142808002_dsl,VTA-U-409600-1024-NA-100-R,59.144.173.41,01142808002_dsl:VTA-U-409600-1024-NA-100-R:59.144.173.41,North,Delhi
01244210028_dsl,VTA-U-409600-1024-NA-396-R,59.144.171.96,01244210028_dsl:VTA-U-409600-1024-NA-396-R:59.144.171.96,North,Haryana
012414674470_dsl,VTA-U-409600-1024-NA-770-E,59.144.171.64,012414674470_dsl:VTA-U-409600-1024-NA-770-E:59.144.171.64,North,Haryana
01172821294_dsl,VTA-U-163841-1024-NA-977-R,59.144.171.55,01172821294_dsl:VTA-U-163841-1024-NA-977-R:59.144.171.55,North,Delhi
012436384492_dsl,VTA-U-163841-1024-NA-753-R,59.144.167.205,012436384492_dsl:VTA-U-163841-1024-NA-753-R:59.144.167.205,North,Haryana
01193414726_dsl,VTA-U-409600-1024-NA-931-R,59.144.165.55,01193414726_dsl:VTA-U-409600-1024-NA-931-R:59.144.165.55,North,Delhi
012038267907_dsl,VTA-U-409600-1024-NA-1139-E,59.144.163.179,012038267907_dsl:VTA-U-409600-1024-NA-1139-E:59.144.163.179,North,Delhi
01184705193_dsl,VTA-U-163841-1024-NA-1122-E,59.144.163.103,01184705193_dsl:VTA-U-163841-1024-NA-1122-E:59.144.163.103,North,Delhi
01147075781_dsl,VTA-U-24576-1024-NA-925-R,59.144.162.214,01147075781_dsl:VTA-U-24576-1024-NA-925-R:59.144.162.214,North,Haryana
01151002800_dsl,VTA-U-163841-1024-NA-277-R,59.144.162.178,01151002800_dsl:VTA-U-163841-1024-NA-277-R:59.144.162.178,North,Delhi
01151540564_dsl,VTA-U-409600-1024-NA-236-R,59.144.162.141,01151540564_dsl:VTA-U-409600-1024-NA-236-R:59.144.162.141,North,Delhi
01190843504_dsl,VTA-U-24576-1024-NA-1211-E,59.144.162.111,01190843504_dsl:VTA-U-24576-1024-NA-1211-E:59.144.162.111,North,Delhi
012941416214_dsl,VTA-U-409600-1024-NA-993-R,59.144.161.30,012941416214_dsl:VTA-U-409600-1024-NA-993-R:59.144.161.30,North,Haryana
01191367168_dsl,VTA-U-409600-1024-NA-591-R,59.144.161.184,01191367168_dsl:VTA-U-409600-1024-NA-591-R:59.144.161.184,North,Delhi
01178811297_dsl,VTA-U-409600-1024-NA-1496-R,59.144.161.165,01178811297_dsl:VTA-U-409600-1024-NA-1496-R:59.144.161.165,North,Haryana
01177729206_dsl,VTA-U-409600-1024-NA-1125-R,59.144.161.139,01177729206_dsl:VTA-U-409600-1024-NA-1125-R:59.144.161.139,North,Delhi
01192496301_dsl,VTA-U-409600-1024-NA-715-E,59.144.161.134,01192496301_dsl:VTA-U-409600-1024-NA-715-E:59.144.161.134,North,Delhi
01145091669_dsl,VTA-U-163841-1024-NA-365-E,59.144.160.12,01145091669_dsl:VTA-U-163841-1024-NA-365-E:59.144.160.12,North,Delhi
01191276377_dsl,VTA-U-81922-512-NA-50-R,203.145.171.19,01191276377_dsl:VTA-U-81922-512-NA-50-R:203.145.171.19,North,Delhi
01145563662_dsl,VTA-U-409600-1024-NA-330-R,203.145.171.12,01145563662_dsl:VTA-U-409600-1024-NA-330-R:203.145.171.12,North,Delhi
01244005728_dsl,VTA-U-409600-1024-NA-1529-R,203.145.168.245,01244005728_dsl:VTA-U-409600-1024-NA-1529-R:203.145.168.245,North,Haryana
GH818747-2_dsl,VTA-U-20480-1024-NA-1043-E,203.145.168.176,GH818747-2_dsl:VTA-U-20480-1024-NA-1043-E:203.145.168.176,North,Haryana
012914627303_dsl,VTA-U-1024000-1024-NA-3343-R,203.145.168.148,012914627303_dsl:VTA-U-1024000-1024-NA-3343-R:203.145.168.148,North,Haryana
01244103658_dsl,VTA-U-409600-1024-NA-1358-R,203.145.168.129,01244103658_dsl:VTA-U-409600-1024-NA-1358-R:203.145.168.129,North,Haryana
01146517079_dsl,VTA-U-1024000-1024-NA-468-R,203.145.165.234,01146517079_dsl:VTA-U-1024000-1024-NA-468-R:203.145.165.234,North,Delhi
07314042196_dsl,VTA-U-409600-1024-NA-1066-R,203.101.126.82,07314042196_dsl:VTA-U-409600-1024-NA-1066-R:203.101.126.82,West,MP
07714221561_mp,VTA-U-163841-1024-NA-554-E,203.101.126.80,07714221561_mp:VTA-U-163841-1024-NA-554-E:203.101.126.80,West,MP
07314068839_mp,VTA-U-409600-1024-NA-1500-R,203.101.126.196,07314068839_mp:VTA-U-409600-1024-NA-1500-R:203.101.126.196,West,MP
13022311,VTA-U-163841-1024-NA-495-R,203.101.126.157,13022311:VTA-U-163841-1024-NA-495-R:203.101.126.157,West,MP
01204136597_dsl,VTA-U-24576-1024-NA-1153-R,182.77.63.218,01204136597_dsl:VTA-U-24576-1024-NA-1153-R:182.77.63.218,North,U.P West
012421464542_dsl,VTA-U-409600-1024-NA-1074-R,182.77.62.192,012421464542_dsl:VTA-U-409600-1024-NA-1074-R:182.77.62.192,North,Haryana
01169729182_dsl,VTA-U-409600-1024-NA-741-R,182.77.61.74,01169729182_dsl:VTA-U-409600-1024-NA-741-R:182.77.61.74,North,Haryana
017218121367_dsl,VTA-U-409600-1024-NA-1315-R,182.77.60.76,017218121367_dsl:VTA-U-409600-1024-NA-1315-R:182.77.60.76,North,Punjab
012420620070_dsl,VTA-U-409600-1024-NA-600-R,182.77.58.8,012420620070_dsl:VTA-U-409600-1024-NA-600-R:182.77.58.8,North,Haryana
01246554217_dsl,VTA-U-40960-1024-NA-317-R,182.77.58.101,01246554217_dsl:VTA-U-40960-1024-NA-317-R:182.77.58.101,North,Haryana
01147041951_dsl,VTA-U-163841-1024-NA-942-R,182.77.57.77,01147041951_dsl:VTA-U-163841-1024-NA-942-R:182.77.57.77,North,Delhi
01184039572_dsl,VTA-U-409600-1024-NA-546-R,182.77.57.73,01184039572_dsl:VTA-U-409600-1024-NA-546-R:182.77.57.73,North,Delhi
01244064030_dsl,VTA-U-163841-1024-NA-802-E,182.77.57.249,01244064030_dsl:VTA-U-163841-1024-NA-802-E:182.77.57.249,North,Haryana
01244044344_dsl,VTA-U-409600-1024-NA-1016-E,182.77.57.134,01244044344_dsl:VTA-U-409600-1024-NA-1016-E:182.77.57.134,North,Haryana
01162420584_dsl,VTA-U-409600-1024-NA-514-R,182.77.56.143,01162420584_dsl:VTA-U-409600-1024-NA-514-R:182.77.56.143,North,Delhi
017241434827_dsl,VTA-U-163841-1024-NA-914-R,182.77.51.73,017241434827_dsl:VTA-U-163841-1024-NA-914-R:182.77.51.73,North,Punjab
017238630972_dsl,VTA-U-409600-1024-NA-530-R,182.77.51.6,017238630972_dsl:VTA-U-409600-1024-NA-530-R:182.77.51.6,North,Punjab
016141409709_dsl,VTA-U-163841-1024-NA-1200-R,182.77.51.57,016141409709_dsl:VTA-U-163841-1024-NA-1200-R:182.77.51.57,North,Punjab
017239452309_dsl,VTA-U-1024000-1024-NA-879-R,182.77.51.199,017239452309_dsl:VTA-U-1024000-1024-NA-879-R:182.77.51.199,North,Punjab
016141189922_dsl,VTA-U-409600-1024-NA-209-E,182.77.51.15,016141189922_dsl:VTA-U-409600-1024-NA-209-E:182.77.51.15,North,Punjab
01195424218_dsl,VTA-U-409600-1024-NA-1050-R,182.77.50.90,01195424218_dsl:VTA-U-409600-1024-NA-1050-R:182.77.50.90,North,Delhi
01195320229_dsl,VTA-U-409600-1024-NA-973-R,182.77.50.126,01195320229_dsl:VTA-U-409600-1024-NA-973-R:182.77.50.126,North,Delhi
01191449660_dsl,,182.77.48.249,01191449660_dsl::182.77.48.249,North,Delhi
07714056568_mp,VTA-U-409600-1024-NA-624-R,182.70.251.68,07714056568_mp:VTA-U-409600-1024-NA-624-R:182.70.251.68,West,MP
075130279624_dsl,VTA-U-20480-1024-NA-533-R,182.70.250.44,075130279624_dsl:VTA-U-20480-1024-NA-533-R:182.70.250.44,West,MP
07554231614_mp,VTA-U-409600-1024-NA-171-R,182.70.250.38,07554231614_mp:VTA-U-409600-1024-NA-171-R:182.70.250.38,West,MP
07554258041_dsl,VTA-U-409600-1024-NA-195-R,182.70.250.154,07554258041_dsl:VTA-U-409600-1024-NA-195-R:182.70.250.154,West,MP
07314009989_dsl,VTA-U-409600-1024-NA-566-R,182.70.249.74,07314009989_dsl:VTA-U-409600-1024-NA-566-R:182.70.249.74,West,MP
076114021416_dsl,VTA-U-409600-1024-NA-793-R,182.70.249.42,076114021416_dsl:VTA-U-409600-1024-NA-793-R:182.70.249.42,West,MP
075541509798_dsl,VTA-U-24576-1024-NA-565-R,182.70.249.213,075541509798_dsl:VTA-U-24576-1024-NA-565-R:182.70.249.213,West,MP
07314042654_mp,VTA-U-409600-1024-NA-552-R,182.70.249.198,07314042654_mp:VTA-U-409600-1024-NA-552-R:182.70.249.198,West,MP
073124733287_dsl,VTA-U-24576-1024-NA-1250-R,182.70.249.148,073124733287_dsl:VTA-U-24576-1024-NA-1250-R:182.70.249.148,West,MP
075541685780_dsl,VTA-U-409600-1024-NA-700-R,182.70.249.131,075541685780_dsl:VTA-U-409600-1024-NA-700-R:182.70.249.131,West,MP
07715030720,VTA-U-163841-1024-NA-460-R,182.70.249.127,07715030720:VTA-U-163841-1024-NA-460-R:182.70.249.127,West,MP
07315065254_mp,VTA-U-409600-1024-NA-276-R,182.70.249.105,07315065254_mp:VTA-U-409600-1024-NA-276-R:182.70.249.105,West,MP
07744409965_mp,VTA-U-81922-1024-NA-1052-R,182.70.248.60,07744409965_mp:VTA-U-81922-1024-NA-1052-R:182.70.248.60,West,MP
07884010403_dsl,VTA-U-81922-1024-NA-454-E,182.70.248.177,07884010403_dsl:VTA-U-81922-1024-NA-454-E:182.70.248.177,West,MP
07714221307_mp,VTA-U-20480-1024-NA-533-E,182.70.248.174,07714221307_mp:VTA-U-20480-1024-NA-533-E:182.70.248.174,West,MP
07314226584_mp,VTA-U-409600-1024-NA-1030-E,182.70.248.100,07314226584_mp:VTA-U-409600-1024-NA-1030-E:182.70.248.100,West,MP
07614018186_mp,VTA-U-20480-1024-NA-324-E,182.70.243.215,07614018186_mp:VTA-U-20480-1024-NA-324-E:182.70.243.215,West,MP
077134853697_dsl,VTA-U-409600-1024-NA-297-R,182.70.243.208,077134853697_dsl:VTA-U-409600-1024-NA-297-R:182.70.243.208,West,MP
073131716824_dsl,VTA-U-20480-512-NA-202-E,182.70.243.140,073131716824_dsl:VTA-U-20480-512-NA-202-E:182.70.243.140,West,MP
07314074598_mp,VTA-U-163841-1024-NA-512-E,182.70.243.138,07314074598_mp:VTA-U-163841-1024-NA-512-E:182.70.243.138,West,MP
07614005502_mp,VTA-U-20480-1024-NA-837-E,182.70.243.107,07614005502_mp:VTA-U-20480-1024-NA-837-E:182.70.243.107,West,MP
073131096588_dsl,VTA-U-163841-1024-NA-343-R,182.70.242.84,073131096588_dsl:VTA-U-163841-1024-NA-343-R:182.70.242.84,West,MP
07314031569_dsl,VTA-U-409600-1024-NA-641-R,182.70.242.250,07314031569_dsl:VTA-U-409600-1024-NA-641-R:182.70.242.250,West,MP
073113971594_mp,VTA-U-163841-1024-NA-310-E,182.70.242.238,073113971594_mp:VTA-U-163841-1024-NA-310-E:182.70.242.238,West,MP
07314222428_dsl,VTA-U-409600-1024-NA-1250-R,182.70.242.229,07314222428_dsl:VTA-U-409600-1024-NA-1250-R:182.70.242.229,West,MP
07514050292_mp,VTA-U-20480-1024-NA-580-R,182.70.242.211,07514050292_mp:VTA-U-20480-1024-NA-580-R:182.70.242.211,West,MP
07515010134,VTA-U-40960-1024-NA-931-R,182.70.242.186,07515010134:VTA-U-40960-1024-NA-931-R:182.70.242.186,West,MP
07314085400_dsl,VTA-U-24576-1024-NA-602-E,182.70.242.179,07314085400_dsl:VTA-U-24576-1024-NA-602-E:182.70.242.179,West,MP
073132188602_dsl,VTA-U-163841-1024-NA-520-E,182.70.242.145,073132188602_dsl:VTA-U-163841-1024-NA-520-E:182.70.242.145,West,MP
073128519491_dsl,VTA-U-40960-1024-NA-1120-E,182.70.241.244,073128519491_dsl:VTA-U-40960-1024-NA-1120-E:182.70.241.244,West,MP
07554281213_dsl,VTA-U-1024000-1024-NA-1500-R,182.70.241.190,07554281213_dsl:VTA-U-1024000-1024-NA-1500-R:182.70.241.190,West,MP
07555273206,VTA-U-24576-1024-NA-718-R,182.70.241.144,07555273206:VTA-U-24576-1024-NA-718-R:182.70.241.144,West,MP
07314002952_dsl,VTA-U-409600-1024-NA-1260-R,182.70.241.130,07314002952_dsl:VTA-U-409600-1024-NA-1260-R:182.70.241.130,West,MP
075510955097_mp,VTA-U-163841-1024-NA-1165-E,182.70.241.111,075510955097_mp:VTA-U-163841-1024-NA-1165-E:182.70.241.111,West,MP
073113520503_dsl,VTA-U-409600-1024-NA-1056-R,182.70.240.78,073113520503_dsl:VTA-U-409600-1024-NA-1056-R:182.70.240.78,West,MP
07315065245_mp,VTA-U-20480-1024-NA-573-R,182.70.240.74,07315065245_mp:VTA-U-20480-1024-NA-573-R:182.70.240.74,West,MP
07314091754_dsl,VTA-U-81922-1024-NA-1250-R,182.70.240.66,07314091754_dsl:VTA-U-81922-1024-NA-1250-R:182.70.240.66,West,MP
07314065561_mp,VTA-U-40960-1024-NA-700-R,182.70.240.58,07314065561_mp:VTA-U-40960-1024-NA-700-R:182.70.240.58,West,MP
mpi3008846_dsl,VTA-U-409600-1024-NA-1500-R,182.70.240.42,mpi3008846_dsl:VTA-U-409600-1024-NA-1500-R:182.70.240.42,West,MP
07314049357_mp,VTA-U-163841-1024-NA-550-E,182.70.240.203,07314049357_mp:VTA-U-163841-1024-NA-550-E:182.70.240.203,West,MP
07752946578_dsl,,182.70.240.200,07752946578_dsl::182.70.240.200,West,MP
07314257044_mp,VTA-U-409600-1024-NA-100-R,182.70.240.194,07314257044_mp:VTA-U-409600-1024-NA-100-R:182.70.240.194,West,MP
07314064706_mp,VTA-U-24576-1024-NA-1200-E,182.70.240.172,07314064706_mp:VTA-U-24576-1024-NA-1200-E:182.70.240.172,West,MP
07314066026_dsl,VTA-U-163841-1024-NA-636-R,182.70.240.155,07314066026_dsl:VTA-U-163841-1024-NA-636-R:182.70.240.155,West,MP
07314053148_dsl,VTA-U-163841-1024-NA-100-E,182.70.240.128,07314053148_dsl:VTA-U-163841-1024-NA-100-E:182.70.240.128,West,MP
07314070350_dsl,VTA-U-409600-1024-NA-532-R,182.70.240.120,07314070350_dsl:VTA-U-409600-1024-NA-532-R:182.70.240.120,West,MP
07964554495_mh,VTA-U-409600-1024-NA-3333-R,182.70.114.21,07964554495_mh:VTA-U-409600-1024-NA-3333-R:182.70.114.21,West,Gujarat
052232700805_dsl,VTA-U-409600-1024-NA-1157-E,182.69.119.71,052232700805_dsl:VTA-U-409600-1024-NA-1157-E:182.69.119.71,North,UP East
052232416200_dsl,VTA-U-24576-1024-NA-857-E,182.69.119.59,052232416200_dsl:VTA-U-24576-1024-NA-857-E:182.69.119.59,North,UP East
052230997046_dsl,VTA-U-409600-1024-NA-200-R,182.69.119.186,052230997046_dsl:VTA-U-409600-1024-NA-200-R:182.69.119.186,North,UP East
01244309785_dsl,VTA-U-409600-1024-NA-513-R,125.23.220.82,01244309785_dsl:VTA-U-409600-1024-NA-513-R:125.23.220.82,North,Haryana
012038224472_dsl,VTA-U-409600-1024-NA-1025-E,125.23.220.250,012038224472_dsl:VTA-U-409600-1024-NA-1025-E:125.23.220.250,North,U.P West
01192585327_dsl,VTA-U-163841-1024-NA-1020-R,125.23.220.191,01192585327_dsl:VTA-U-163841-1024-NA-1020-R:125.23.220.191,North,Delhi
01294044094_dsl,VTA-U-24576-1024-NA-307-R,125.23.220.178,01294044094_dsl:VTA-U-24576-1024-NA-307-R:125.23.220.178,North,Haryana
01192489012_dsl,VTA-U-409600-1024-NA-1044-R,125.23.220.137,01192489012_dsl:VTA-U-409600-1024-NA-1044-R:125.23.220.137,North,Delhi
01246475769_dsl,VTA-U-409600-1024-NA-278-R,125.23.220.130,01246475769_dsl:VTA-U-409600-1024-NA-278-R:125.23.220.130,North,Haryana
01140504800_dsl,VTA-U-409600-1024-NA-1053-R,122.180.87.138,01140504800_dsl:VTA-U-409600-1024-NA-1053-R:122.180.87.138,North,Delhi
012425929889_dsl,VTA-U-409600-1024-NA-1099-E,122.180.86.88,012425929889_dsl:VTA-U-409600-1024-NA-1099-E:122.180.86.88,North,Haryana
012040833446_dsl,VTA-U-409600-1024-NA-579-R,122.180.86.83,012040833446_dsl:VTA-U-409600-1024-NA-579-R:122.180.86.83,North,U.P West
012039585876_dsl,VTA-U-81922-1024-NA-743-E,122.180.86.7,012039585876_dsl:VTA-U-81922-1024-NA-743-E:122.180.86.7,North,U.P West
01143025577_dsl,VTA-U-409600-1024-NA-898-R,122.180.86.33,01143025577_dsl:VTA-U-409600-1024-NA-898-R:122.180.86.33,North,Delhi
012438179110_dsl,VTA-U-24576-1024-NA-608-R,122.180.86.133,012438179110_dsl:VTA-U-24576-1024-NA-608-R:122.180.86.133,North,Haryana
012038130688_dsl,VTA-U-409600-1024-NA-689-R,122.180.86.130,012038130688_dsl:VTA-U-409600-1024-NA-689-R:122.180.86.130,North,U.P West
01146065730_dsl,VTA-U-409600-1024-NA-262-R,122.180.84.232,01146065730_dsl:VTA-U-409600-1024-NA-262-R:122.180.84.232,North,Delhi
016139990623_dsl,VTA-U-163841-1024-NA-368-R,122.180.31.25,016139990623_dsl:VTA-U-163841-1024-NA-368-R:122.180.31.25,North,Punjab
018140009689_dsl,VTA-U-24576-1024-NA-247-R,122.180.31.18,018140009689_dsl:VTA-U-24576-1024-NA-247-R:122.180.31.18,North,Punjab
017236434536_dsl,VTA-U-409600-1024-NA-538-R,122.180.29.142,017236434536_dsl:VTA-U-409600-1024-NA-538-R:122.180.29.142,North,Punjab
01145549334_dsl,VTA-U-409600-1024-NA-731-R,122.180.252.71,01145549334_dsl:VTA-U-409600-1024-NA-731-R:122.180.252.71,North,Delhi
01160174063_dsl,VTA-U-409600-1024-NA-629-R,122.180.252.192,01160174063_dsl:VTA-U-409600-1024-NA-629-R:122.180.252.192,North,Delhi
012018023502_dsl,VTA-U-163841-1024-NA-573-R,122.180.252.101,012018023502_dsl:VTA-U-163841-1024-NA-573-R:122.180.252.101,North,U.P West
01160433571_dsl,,122.180.251.4,01160433571_dsl::122.180.251.4,North,Delhi
01147057362_dsl,VTA-U-409600-1024-NA-892-R,122.180.251.232,01147057362_dsl:VTA-U-409600-1024-NA-892-R:122.180.251.232,North,Delhi
01146548079_dsl,VTA-U-163841-1024-NA-805-R,122.180.250.37,01146548079_dsl:VTA-U-163841-1024-NA-805-R:122.180.250.37,North,Delhi
01145515623_dsl,VTA-U-409600-1024-NA-843-R,122.180.250.145,01145515623_dsl:VTA-U-409600-1024-NA-843-R:122.180.250.145,North,Delhi
01244200568_dsl,VTA-U-163841-1024-NA-782-R,122.180.249.215,01244200568_dsl:VTA-U-163841-1024-NA-782-R:122.180.249.215,North,Haryana
012422753819_dsl,VTA-U-24576-1024-NA-308-R,122.180.249.116,012422753819_dsl:VTA-U-24576-1024-NA-308-R:122.180.249.116,North,Haryana
01244043884_dsl,VTA-U-20480-1024-NA-1050-R,122.180.249.110,01244043884_dsl:VTA-U-20480-1024-NA-1050-R:122.180.249.110,North,Haryana
01147042838_dsl,VTA-U-409600-1024-NA-199-R,122.180.248.36,01147042838_dsl:VTA-U-409600-1024-NA-199-R:122.180.248.36,North,Delhi
01143565304_dsl,VTA-U-409600-1024-NA-835-R,122.180.246.92,01143565304_dsl:VTA-U-409600-1024-NA-835-R:122.180.246.92,North,Delhi
01147023873_dsl,VTA-U-409600-1024-NA-778-R,122.180.246.72,01147023873_dsl:VTA-U-409600-1024-NA-778-R:122.180.246.72,North,Delhi
01145575292_dsl,VTA-U-163841-1024-NA-1111-R,122.180.246.252,01145575292_dsl:VTA-U-163841-1024-NA-1111-R:122.180.246.252,North,Delhi
01145563602_dsl,VTA-U-409600-1024-NA-669-R,122.180.246.248,01145563602_dsl:VTA-U-409600-1024-NA-669-R:122.180.246.248,North,Delhi
01151624492,VTA-U-1024000-1024-NA-1267-R,122.180.246.209,01151624492:VTA-U-1024000-1024-NA-1267-R:122.180.246.209,North,Delhi
01146523991_dsl,VTA-U-409600-1024-NA-464-R,122.180.246.208,01146523991_dsl:VTA-U-409600-1024-NA-464-R:122.180.246.208,North,Delhi
056211688094_dsl,VTA-U-409600-1024-NA-1042-R,122.180.246.174,056211688094_dsl:VTA-U-409600-1024-NA-1042-R:122.180.246.174,North,North - UP West
01145515866_dsl,VTA-U-24576-1024-NA-273-R,122.180.246.133,01145515866_dsl:VTA-U-24576-1024-NA-273-R:122.180.246.133,North,Delhi
01294079227_dsl,VTA-U-409600-1024-NA-731-R,122.180.245.96,01294079227_dsl:VTA-U-409600-1024-NA-731-R:122.180.245.96,North,Haryana
01244102509_dsl,VTA-U-20480-1024-NA-1090-R,122.180.245.175,01244102509_dsl:VTA-U-20480-1024-NA-1090-R:122.180.245.175,North,Haryana
01147095746_dsl,VTA-U-40960-1024-NA-463-R,122.180.244.5,01147095746_dsl:VTA-U-40960-1024-NA-463-R:122.180.244.5,North,Delhi
01146080657_dsl,VTA-U-24576-1024-NA-435-R,122.180.244.220,01146080657_dsl:VTA-U-24576-1024-NA-435-R:122.180.244.220,North,Delhi
01145543800_dsl,VTA-U-163841-1024-NA-923-R,122.180.244.153,01145543800_dsl:VTA-U-163841-1024-NA-923-R:122.180.244.153,North,Delhi
01180472012_dsl,VTA-U-409600-1024-NA-1580-R,122.180.244.14,01180472012_dsl:VTA-U-409600-1024-NA-1580-R:122.180.244.14,North,Haryana
01146081603_dsl,VTA-U-81922-1024-NA-794-R,122.180.244.108,01146081603_dsl:VTA-U-81922-1024-NA-794-R:122.180.244.108,North,Delhi
01145033162_dsl,VTA-U-24576-1024-NA-266-R,122.180.243.78,01145033162_dsl:VTA-U-24576-1024-NA-266-R:122.180.243.78,North,Delhi
01143012570_dsl,VTA-U-409600-1024-NA-881-R,122.180.243.240,01143012570_dsl:VTA-U-409600-1024-NA-881-R:122.180.243.240,North,Delhi
01145586929_dsl,VTA-U-24576-1024-NA-1310-R,122.180.243.149,01145586929_dsl:VTA-U-24576-1024-NA-1310-R:122.180.243.149,North,Haryana
01204151889_dsl,VTA-U-409600-1024-NA-735-R,122.180.242.241,01204151889_dsl:VTA-U-409600-1024-NA-735-R:122.180.242.241,North,U.P West
012013699653_dsl,VTA-U-1024000-1024-NA-300-R,122.180.242.157,012013699653_dsl:VTA-U-1024000-1024-NA-300-R:122.180.242.157,North,U.P West
01145572852_dsl,VTA-U-81922-1024-NA-670-E,122.180.241.94,01145572852_dsl:VTA-U-81922-1024-NA-670-E:122.180.241.94,North,Delhi
01141662191_dsl,VTA-U-409600-1024-NA-532-R,122.180.241.40,01141662191_dsl:VTA-U-409600-1024-NA-532-R:122.180.241.40,North,Delhi
01151035200_dsl,VTA-U-163841-1024-NA-894-R,122.180.241.245,01151035200_dsl:VTA-U-163841-1024-NA-894-R:122.180.241.245,North,Haryana
01147563477_dsl,VTA-U-24576-1024-NA-669-R,122.180.241.183,01147563477_dsl:VTA-U-24576-1024-NA-669-R:122.180.241.183,North,Delhi
01147353844_dsl,VTA-U-409600-1024-NA-1250-R,122.180.241.12,01147353844_dsl:VTA-U-409600-1024-NA-1250-R:122.180.241.12,North,Delhi
014127061345_dsl,VTA-U-1024000-1024-NA-3333-R,122.180.240.188,014127061345_dsl:VTA-U-1024000-1024-NA-3333-R:122.180.240.188,North,Rajasthan
016138139096_dsl,VTA-U-40960-1024-NA-576-R,122.180.20.176,016138139096_dsl:VTA-U-40960-1024-NA-576-R:122.180.20.176,North,Punjab
017256160813_dsl,VTA-U-409600-1024-NA-1186-R,122.180.20.139,017256160813_dsl:VTA-U-409600-1024-NA-1186-R:122.180.20.139,North,Punjab
016138187991_dsl,VTA-U-163841-512-NA-170-R,122.180.20.115,016138187991_dsl:VTA-U-163841-512-NA-170-R:122.180.20.115,North,Punjab
01244017839_dsl,VTA-U-20480-1024-NA-590-R,122.180.154.70,01244017839_dsl:VTA-U-20480-1024-NA-590-R:122.180.154.70,North,Haryana
01295003139,VTA-U-163841-1024-NA-1140-R,122.180.154.54,01295003139:VTA-U-163841-1024-NA-1140-R:122.180.154.54,North,Haryana
012412518672_dsl,VTA-U-409600-1024-NA-569-R,122.180.154.203,012412518672_dsl:VTA-U-409600-1024-NA-569-R:122.180.154.203,North,Haryana
01151829123_dsl,VTA-U-409600-1024-NA-811-R,122.180.145.208,01151829123_dsl:VTA-U-409600-1024-NA-811-R:122.180.145.208,North,Delhi
01146557175_dsl,VTA-U-163841-1024-NA-697-R,122.180.145.197,01146557175_dsl:VTA-U-163841-1024-NA-697-R:122.180.145.197,North,Delhi
01146594898_dsl,VTA-U-20480-1024-NA-992-E,122.180.145.155,01146594898_dsl:VTA-U-20480-1024-NA-992-E:122.180.145.155,North,Delhi
01146011897_dsl,VTA-U-24576-1024-NA-1041-R,122.180.144.30,01146011897_dsl:VTA-U-24576-1024-NA-1041-R:122.180.144.30,North,Haryana
01160196572_dsl,VTA-U-24576-1024-NA-415-R,122.180.144.198,01160196572_dsl:VTA-U-24576-1024-NA-415-R:122.180.144.198,North,Delhi
01145515754_dsl,VTA-U-24576-1024-NA-1022-R,122.180.144.161,01145515754_dsl:VTA-U-24576-1024-NA-1022-R:122.180.144.161,North,Delhi
01140511996_dsl,VTA-U-409600-1024-NA-759-E,122.180.144.136,01140511996_dsl:VTA-U-409600-1024-NA-759-E:122.180.144.136,North,Delhi
01146591125_dsl,VTA-U-409600-1024-NA-1018-E,122.180.144.102,01146591125_dsl:VTA-U-409600-1024-NA-1018-E:122.180.144.102,North,Delhi
02295234467_mh,VTA-U-1024000-1024-NA-615-R,122.179.159.207,02295234467_mh:VTA-U-1024000-1024-NA-615-R:122.179.159.207,West,Mumbai
02294668948_mh,VTA-U-409600-1024-NA-576-R,122.179.158.23,02294668948_mh:VTA-U-409600-1024-NA-576-R:122.179.158.23,West,Mumbai
02294447432_mh,VTA-U-409600-1024-NA-738-R,122.179.156.115,02294447432_mh:VTA-U-409600-1024-NA-738-R:122.179.156.115,West,Mumbai
02293864011_mh,VTA-U-409600-1024-NA-40-R,122.179.139.70,02293864011_mh:VTA-U-409600-1024-NA-40-R:122.179.139.70,West,Mumbai
07992414865_mh,VTA-U-409600-1024-NA-408-R,122.179.139.203,07992414865_mh:VTA-U-409600-1024-NA-408-R:122.179.139.203,West,MP
02093932641_mh,VTA-U-409600-1024-NA-64-R,122.179.137.67,02093932641_mh:VTA-U-409600-1024-NA-64-R:122.179.137.67,West,Mumbai
02292605317_mh,VTA-U-81922-512-NA-144-R,122.179.133.2,02292605317_mh:VTA-U-81922-512-NA-144-R:122.179.133.2,West,Mumbai
03394066227_dsl,VTA-U-409600-1024-NA-856-R,122.176.98.60,03394066227_dsl:VTA-U-409600-1024-NA-856-R:122.176.98.60,North,Kolkata
03396959106_dsl,VTA-U-409600-1024-NA-133-R,122.176.98.51,03396959106_dsl:VTA-U-409600-1024-NA-133-R:122.176.98.51,North,Kolkata
03391282441_dsl,VTA-U-409600-1024-NA-104-R,122.176.97.119,03391282441_dsl:VTA-U-409600-1024-NA-104-R:122.176.97.119,North,Kolkata
01197909145_dsl,VTA-U-409600-1024-NA-978-R,122.176.95.83,01197909145_dsl:VTA-U-409600-1024-NA-978-R:122.176.95.83,North,Delhi
01141547444_dsl,VTA-U-24576-1024-NA-923-R,122.176.91.100,01141547444_dsl:VTA-U-24576-1024-NA-923-R:122.176.91.100,North,Delhi
01145095478_dsl,VTA-U-409600-1024-NA-823-R,122.176.90.38,01145095478_dsl:VTA-U-409600-1024-NA-823-R:122.176.90.38,North,Delhi
01195097852_dsl,VTA-U-163841-1024-NA-600-E,122.176.90.174,01195097852_dsl:VTA-U-163841-1024-NA-600-E:122.176.90.174,North,Delhi
01145012536_dsl,VTA-U-163841-1024-NA-1145-R,122.176.89.3,01145012536_dsl:VTA-U-163841-1024-NA-1145-R:122.176.89.3,North,Haryana
01182786299_dsl,VTA-U-163841-1024-NA-828-R,122.176.89.222,01182786299_dsl:VTA-U-163841-1024-NA-828-R:122.176.89.222,North,Delhi
012442070600_dsl,VTA-U-409600-1024-NA-320-R,122.176.89.126,012442070600_dsl:VTA-U-409600-1024-NA-320-R:122.176.89.126,North,Haryana
01296300750_dsl,VTA-U-409600-1024-NA-830-R,122.176.89.109,01296300750_dsl:VTA-U-409600-1024-NA-830-R:122.176.89.109,North,Haryana
01295106500,VTA-U-163841-1024-NA-1200-R,122.176.88.20,01295106500:VTA-U-163841-1024-NA-1200-R:122.176.88.20,North,Haryana
018439584645_dsl,VTA-U-20480-1024-NA-110-E,122.176.87.6,018439584645_dsl:VTA-U-20480-1024-NA-110-E:122.176.87.6,North,North - Haryana
01145539650_dsl,VTA-U-81922-1024-NA-744-R,122.176.86.147,01145539650_dsl:VTA-U-81922-1024-NA-744-R:122.176.86.147,North,Delhi
01204271477_dsl,VTA-U-409600-1024-NA-612-R,122.176.84.145,01204271477_dsl:VTA-U-409600-1024-NA-612-R:122.176.84.145,North,U.P West
01140554622_dsl,VTA-U-409600-1024-NA-1034-E,122.176.81.90,01140554622_dsl:VTA-U-409600-1024-NA-1034-E:122.176.81.90,North,Delhi
01147041470_dsl,VTA-U-409600-1024-NA-398-R,122.176.81.227,01147041470_dsl:VTA-U-409600-1024-NA-398-R:122.176.81.227,North,Delhi
01196757776_dsl,VTA-U-409600-1024-NA-729-R,122.176.80.87,01196757776_dsl:VTA-U-409600-1024-NA-729-R:122.176.80.87,North,Delhi
01196973135_dsl,VTA-U-409600-1024-NA-331-R,122.176.80.35,01196973135_dsl:VTA-U-409600-1024-NA-331-R:122.176.80.35,North,Delhi
01147036254_dsl,VTA-U-409600-1024-NA-1041-R,122.176.80.3,01147036254_dsl:VTA-U-409600-1024-NA-1041-R:122.176.80.3,North,Delhi
01194495440_dsl,VTA-U-409600-1024-NA-916-R,122.176.80.29,01194495440_dsl:VTA-U-409600-1024-NA-916-R:122.176.80.29,North,Delhi
01196961671_dsl,VTA-U-163841-1024-NA-490-R,122.176.80.252,01196961671_dsl:VTA-U-163841-1024-NA-490-R:122.176.80.252,North,Delhi
01192489293_dsl,VTA-U-409600-1024-NA-423-R,122.176.80.243,01192489293_dsl:VTA-U-409600-1024-NA-423-R:122.176.80.243,North,Delhi
01151420357,VTA-U-24576-1024-NA-965-R,122.176.80.228,01151420357:VTA-U-24576-1024-NA-965-R:122.176.80.228,North,Delhi
012041414833_dsl,VTA-U-409600-1024-NA-301-R,122.176.80.121,012041414833_dsl:VTA-U-409600-1024-NA-301-R:122.176.80.121,North,U.P West
012038201576_dsl,VTA-U-409600-1024-NA-907-R,122.176.80.117,012038201576_dsl:VTA-U-409600-1024-NA-907-R:122.176.80.117,North,U.P West
012028982684_dsl,VTA-U-409600-1024-NA-320-R,122.176.77.148,012028982684_dsl:VTA-U-409600-1024-NA-320-R:122.176.77.148,North,U.P West
056236611662_dsl,VTA-U-409600-1024-NA-490-R,122.176.77.113,056236611662_dsl:VTA-U-409600-1024-NA-490-R:122.176.77.113,North,North - UP West
01294076876_dsl,VTA-U-409600-1024-NA-1215-R,122.176.73.34,01294076876_dsl:VTA-U-409600-1024-NA-1215-R:122.176.73.34,North,Haryana
01145522717_dsl,VTA-U-409600-1024-NA-454-E,122.176.72.237,01145522717_dsl:VTA-U-409600-1024-NA-454-E:122.176.72.237,North,Delhi
05224074241_dsl,VTA-U-1024000-1024-NA-3413-R,122.176.71.82,05224074241_dsl:VTA-U-1024000-1024-NA-3413-R:122.176.71.82,North,UP East
052231715160_dsl,VTA-U-163841-1024-NA-385-R,122.176.71.65,052231715160_dsl:VTA-U-163841-1024-NA-385-R:122.176.71.65,North,UP East
012025671814_dsl,VTA-U-409600-1024-NA-1280-R,122.176.69.209,012025671814_dsl:VTA-U-409600-1024-NA-1280-R:122.176.69.209,North,U.P West
01204118376_dsl,VTA-U-81922-512-NA-50-R,122.176.69.179,01204118376_dsl:VTA-U-81922-512-NA-50-R:122.176.69.179,North,U.P West
01180583275_dsl,VTA-U-163841-1024-NA-943-E,122.176.64.163,01180583275_dsl:VTA-U-163841-1024-NA-943-E:122.176.64.163,North,Delhi
01191278167_dsl,VTA-U-163841-1024-NA-937-E,122.176.61.208,01191278167_dsl:VTA-U-163841-1024-NA-937-E:122.176.61.208,North,Delhi
01145017990_dsl,VTA-U-163841-1024-NA-816-R,122.176.61.116,01145017990_dsl:VTA-U-163841-1024-NA-816-R:122.176.61.116,North,Delhi
01143586885_dsl,VTA-U-409600-1024-NA-1143-R,122.176.61.115,01143586885_dsl:VTA-U-409600-1024-NA-1143-R:122.176.61.115,North,Delhi
01141708071_dsl,VTA-U-163841-1024-NA-1167-E,122.176.60.170,01141708071_dsl:VTA-U-163841-1024-NA-1167-E:122.176.60.170,North,Haryana
01145065293_dsl,VTA-U-409600-1024-NA-1226-E,122.176.60.123,01145065293_dsl:VTA-U-409600-1024-NA-1226-E:122.176.60.123,North,Haryana
01196917849_dsl,VTA-U-409600-1024-NA-1040-R,122.176.60.120,01196917849_dsl:VTA-U-409600-1024-NA-1040-R:122.176.60.120,North,Delhi
01294018550_dsl,VTA-U-409600-1024-NA-1036-R,122.176.58.242,01294018550_dsl:VTA-U-409600-1024-NA-1036-R:122.176.58.242,North,Haryana
017242066795_dsl,VTA-U-409600-512-NA-119-R,122.176.57.45,017242066795_dsl:VTA-U-409600-512-NA-119-R:122.176.57.45,North,Punjab
017241382925_dsl,VTA-U-409600-1024-NA-1105-R,122.176.57.39,017241382925_dsl:VTA-U-409600-1024-NA-1105-R:122.176.57.39,North,Punjab
01193644765_dsl,VTA-U-409600-1024-NA-501-R,122.176.56.213,01193644765_dsl:VTA-U-409600-1024-NA-501-R:122.176.56.213,North,Delhi
012441423102_dsl,VTA-U-409600-1024-NA-342-R,122.176.56.173,012441423102_dsl:VTA-U-409600-1024-NA-342-R:122.176.56.173,North,Haryana
01147054611_dsl,VTA-U-163841-1024-NA-448-E,122.176.56.159,01147054611_dsl:VTA-U-163841-1024-NA-448-E:122.176.56.159,North,Haryana
01196273822_dsl,VTA-U-409600-1024-NA-100-R,122.176.56.122,01196273822_dsl:VTA-U-409600-1024-NA-100-R:122.176.56.122,North,Delhi
01143583066_dsl,VTA-U-409600-1024-NA-1049-E,122.176.56.100,01143583066_dsl:VTA-U-409600-1024-NA-1049-E:122.176.56.100,North,Haryana
01196423015_dsl,VTA-U-1024000-1024-NA-745-R,122.176.55.148,01196423015_dsl:VTA-U-1024000-1024-NA-745-R:122.176.55.148,North,Delhi
01196423395_dsl,VTA-U-409600-1024-NA-739-R,122.176.55.136,01196423395_dsl:VTA-U-409600-1024-NA-739-R:122.176.55.136,North,Delhi
012040009737_dsl,VTA-U-409600-1024-NA-422-R,122.176.55.133,012040009737_dsl:VTA-U-409600-1024-NA-422-R:122.176.55.133,North,U.P West
01204208754_dsl,VTA-U-409600-1024-NA-1387-E,122.176.54.98,01204208754_dsl:VTA-U-409600-1024-NA-1387-E:122.176.54.98,North,Haryana
01191276145_dsl,VTA-U-20480-1024-NA-737-E,122.176.54.163,01191276145_dsl:VTA-U-20480-1024-NA-737-E:122.176.54.163,North,Delhi
056236090670_dsl,VTA-U-163841-1024-NA-527-R,122.176.54.162,056236090670_dsl:VTA-U-163841-1024-NA-527-R:122.176.54.162,North,North - UP West
01244265609_dsl,VTA-U-20480-1024-NA-673-R,122.176.53.244,01244265609_dsl:VTA-U-20480-1024-NA-673-R:122.176.53.244,North,Haryana
01244079591_dsl,VTA-U-409600-1024-NA-347-R,122.176.53.238,01244079591_dsl:VTA-U-409600-1024-NA-347-R:122.176.53.238,North,Haryana
01295106501,VTA-U-40960-1024-NA-956-R,122.176.53.191,01295106501:VTA-U-40960-1024-NA-956-R:122.176.53.191,North,Haryana
01295100441,VTA-U-163841-1024-NA-1200-R,122.176.53.117,01295100441:VTA-U-163841-1024-NA-1200-R:122.176.53.117,North,Haryana
01145539574_dsl,VTA-U-409600-1024-NA-912-R,122.176.52.75,01145539574_dsl:VTA-U-409600-1024-NA-912-R:122.176.52.75,North,Delhi
056236383388_dsl,VTA-U-81922-512-NA-815-R,122.176.52.35,056236383388_dsl:VTA-U-81922-512-NA-815-R:122.176.52.35,North,North - UP West
01195079075_dsl,VTA-U-409600-1024-NA-893-R,122.176.52.200,01195079075_dsl:VTA-U-409600-1024-NA-893-R:122.176.52.200,North,Delhi
01193415171_dsl,VTA-U-163841-512-NA-280-E,122.176.51.95,01193415171_dsl:VTA-U-163841-512-NA-280-E:122.176.51.95,North,Delhi
012938248439_dsl,VTA-U-1024000-1024-NA-4333-R,122.176.51.53,012938248439_dsl:VTA-U-1024000-1024-NA-4333-R:122.176.51.53,North,Haryana
01193924338_dsl,VTA-U-409600-1024-NA-1066-R,122.176.51.12,01193924338_dsl:VTA-U-409600-1024-NA-1066-R:122.176.51.12,North,Delhi
056230911766_dsl,VTA-U-409600-1024-NA-237-R,122.176.50.65,056230911766_dsl:VTA-U-409600-1024-NA-237-R:122.176.50.65,North,North - UP West
01196457146_dsl,VTA-U-409600-1024-NA-834-R,122.176.49.73,01196457146_dsl:VTA-U-409600-1024-NA-834-R:122.176.49.73,North,Delhi
01196440505_dsl,VTA-U-24576-1024-NA-574-R,122.176.49.35,01196440505_dsl:VTA-U-24576-1024-NA-574-R:122.176.49.35,North,Delhi
01147095801_dsl,VTA-U-409600-1024-NA-494-R,122.176.49.225,01147095801_dsl:VTA-U-409600-1024-NA-494-R:122.176.49.225,North,Delhi
01204225885_dsl,VTA-U-409600-1024-NA-777-R,122.176.49.223,01204225885_dsl:VTA-U-409600-1024-NA-777-R:122.176.49.223,North,U.P West
01294029099_dsl,VTA-U-409600-1024-NA-1210-R,122.176.48.98,01294029099_dsl:VTA-U-409600-1024-NA-1210-R:122.176.48.98,North,Haryana
01294069216_dsl,VTA-U-163841-1024-NA-1069-R,122.176.48.86,01294069216_dsl:VTA-U-163841-1024-NA-1069-R:122.176.48.86,North,Haryana
012436384887_dsl,VTA-U-409600-1024-NA-1068-R,122.176.48.195,012436384887_dsl:VTA-U-409600-1024-NA-1068-R:122.176.48.195,North,Haryana
01244086374_dsl,VTA-U-409600-1024-NA-1096-R,122.176.48.104,01244086374_dsl:VTA-U-409600-1024-NA-1096-R:122.176.48.104,North,Haryana
01147058588_dsl,VTA-U-81922-1024-NA-1050-R,122.176.47.79,01147058588_dsl:VTA-U-81922-1024-NA-1050-R:122.176.47.79,North,Delhi
01145589524_dsl,VTA-U-409600-1024-NA-683-R,122.176.47.254,01145589524_dsl:VTA-U-409600-1024-NA-683-R:122.176.47.254,North,Delhi
01193890719_dsl,VTA-U-409600-1024-NA-401-R,122.176.47.203,01193890719_dsl:VTA-U-409600-1024-NA-401-R:122.176.47.203,North,Delhi
01194063025_dsl,VTA-U-409600-1024-NA-724-E,122.176.47.177,01194063025_dsl:VTA-U-409600-1024-NA-724-E:122.176.47.177,North,Delhi
01194062873_dsl,VTA-U-24576-1024-NA-1500-R,122.176.47.155,01194062873_dsl:VTA-U-24576-1024-NA-1500-R:122.176.47.155,North,Delhi
01143750030_dsl,VTA-U-409600-1024-NA-1050-R,122.176.47.106,01143750030_dsl:VTA-U-409600-1024-NA-1050-R:122.176.47.106,North,Delhi
GA051139_dsl,VTA-U-163841-1024-NA-1080-R,122.176.46.62,GA051139_dsl:VTA-U-163841-1024-NA-1080-R:122.176.46.62,North,Haryana
01246168629_dsl,VTA-U-1024000-1024-NA-1250-R,122.176.46.242,01246168629_dsl:VTA-U-1024000-1024-NA-1250-R:122.176.46.242,North,Haryana
012914617330_dsl,VTA-U-409600-1024-NA-1113-R,122.176.46.217,012914617330_dsl:VTA-U-409600-1024-NA-1113-R:122.176.46.217,North,Haryana
012414354415_dsl,VTA-U-409600-1024-NA-969-R,122.176.46.214,012414354415_dsl:VTA-U-409600-1024-NA-969-R:122.176.46.214,North,Haryana
01244117150_dsl,VTA-U-409600-1024-NA-855-R,122.176.46.108,01244117150_dsl:VTA-U-409600-1024-NA-855-R:122.176.46.108,North,Haryana
01145035663_dsl,VTA-U-409600-1024-NA-823-R,122.176.44.14,01145035663_dsl:VTA-U-409600-1024-NA-823-R:122.176.44.14,North,Delhi
01146547912_dsl,VTA-U-409600-1024-NA-1250-R,122.176.43.80,01146547912_dsl:VTA-U-409600-1024-NA-1250-R:122.176.43.80,North,Delhi
01194063383_dsl,VTA-U-409600-1024-NA-1184-E,122.176.43.149,01194063383_dsl:VTA-U-409600-1024-NA-1184-E:122.176.43.149,North,Haryana
01244225164_dsl,VTA-U-1024000-1024-NA-1250-R,122.176.42.84,01244225164_dsl:VTA-U-1024000-1024-NA-1250-R:122.176.42.84,North,Haryana
01191323491_dsl,VTA-U-409600-1024-NA-830-E,122.176.41.253,01191323491_dsl:VTA-U-409600-1024-NA-830-E:122.176.41.253,North,Delhi
01192494704_dsl,VTA-U-409600-1024-NA-160-R,122.176.41.242,01192494704_dsl:VTA-U-409600-1024-NA-160-R:122.176.41.242,North,Delhi
01193914882_dsl,VTA-U-409600-1024-NA-1124-R,122.176.41.160,01193914882_dsl:VTA-U-409600-1024-NA-1124-R:122.176.41.160,North,Delhi
01193890696_dsl,VTA-U-409600-1024-NA-1050-R,122.176.41.124,01193890696_dsl:VTA-U-409600-1024-NA-1050-R:122.176.41.124,North,Delhi
012425929891_dsl,VTA-U-409600-1024-NA-713-E,122.176.41.117,012425929891_dsl:VTA-U-409600-1024-NA-713-E:122.176.41.117,North,Haryana
01187524363_dsl,VTA-U-24576-1024-NA-150-R,122.176.39.196,01187524363_dsl:VTA-U-24576-1024-NA-150-R:122.176.39.196,North,Delhi
01169521883_dsl,VTA-U-409600-1024-NA-100-R,122.176.39.109,01169521883_dsl:VTA-U-409600-1024-NA-100-R:122.176.39.109,North,Delhi
01204138226_dsl,VTA-U-409600-1024-NA-229-R,122.176.38.85,01204138226_dsl:VTA-U-409600-1024-NA-229-R:122.176.38.85,North,U.P West
012134218870_dsl,VTA-U-409600-1024-NA-452-E,122.176.38.75,012134218870_dsl:VTA-U-409600-1024-NA-452-E:122.176.38.75,North,North - UP West
01204233035_dsl,VTA-U-409600-1024-NA-949-E,122.176.38.11,01204233035_dsl:VTA-U-409600-1024-NA-949-E:122.176.38.11,North,Haryana
01145533247_dsl,VTA-U-81922-1024-NA-932-E,122.176.37.224,01145533247_dsl:VTA-U-81922-1024-NA-932-E:122.176.37.224,North,Delhi
01147075780_dsl,VTA-U-163841-1024-NA-302-R,122.176.37.210,01147075780_dsl:VTA-U-163841-1024-NA-302-R:122.176.37.210,North,Delhi
gyaneshwar_del,VTA-U-81922-1024-NA-754-R,122.176.37.146,gyaneshwar_del:VTA-U-81922-1024-NA-754-R:122.176.37.146,North,Delhi
01204151589_dsl,VTA-U-409600-1024-NA-548-R,122.176.34.51,01204151589_dsl:VTA-U-409600-1024-NA-548-R:122.176.34.51,North,U.P West
01244108008_dsl,VTA-U-163841-1024-NA-909-E,122.176.33.83,01244108008_dsl:VTA-U-163841-1024-NA-909-E:122.176.33.83,North,Haryana
01146620072_dsl,VTA-U-409600-1024-NA-909-R,122.176.33.210,01146620072_dsl:VTA-U-409600-1024-NA-909-R:122.176.33.210,North,Delhi
01160394025_dsl,VTA-U-1024000-1024-NA-4333-R,122.176.29.185,01160394025_dsl:VTA-U-1024000-1024-NA-4333-R:122.176.29.185,North,Delhi
01196423072_dsl,VTA-U-409600-1024-NA-753-R,122.176.28.238,01196423072_dsl:VTA-U-409600-1024-NA-753-R:122.176.28.238,North,Delhi
01147511323_dsl,VTA-U-409600-1024-NA-1211-E,122.176.28.122,01147511323_dsl:VTA-U-409600-1024-NA-1211-E:122.176.28.122,North,Haryana
01146089331_dsl,VTA-U-409600-1024-NA-715-R,122.176.28.104,01146089331_dsl:VTA-U-409600-1024-NA-715-R:122.176.28.104,North,Delhi
03363275117_dsl,VTA-U-409600-1024-NA-1185-R,122.176.25.240,03363275117_dsl:VTA-U-409600-1024-NA-1185-R:122.176.25.240,North,Kolkata
03392581792_dsl,VTA-U-409600-1024-NA-235-R,122.176.24.106,03392581792_dsl:VTA-U-409600-1024-NA-235-R:122.176.24.106,North,Kolkata
01165294855_dsl,VTA-U-409600-1024-NA-500-R,122.176.23.193,01165294855_dsl:VTA-U-409600-1024-NA-500-R:122.176.23.193,North,Delhi
01244030636_dsl,VTA-U-40960-1024-NA-1162-E,122.176.23.114,01244030636_dsl:VTA-U-40960-1024-NA-1162-E:122.176.23.114,North,Haryana
01145518534_dsl,VTA-U-409600-1024-NA-221-R,122.176.22.225,01145518534_dsl:VTA-U-409600-1024-NA-221-R:122.176.22.225,North,Delhi
01204271608_dsl,VTA-U-40960-1024-NA-1156-R,122.176.21.60,01204271608_dsl:VTA-U-40960-1024-NA-1156-R:122.176.21.60,North,U.P West
01204136245_dsl,VTA-U-20480-512-NA-674-E,122.176.21.197,01204136245_dsl:VTA-U-20480-512-NA-674-E:122.176.21.197,North,U.P West
01244235850_dsl,VTA-U-163841-1024-NA-637-R,122.176.19.99,01244235850_dsl:VTA-U-163841-1024-NA-637-R:122.176.19.99,North,Haryana
01244225309_dsl,VTA-U-1024000-1024-NA-854-R,122.176.19.131,01244225309_dsl:VTA-U-1024000-1024-NA-854-R:122.176.19.131,North,Haryana
01244257138_dsl,VTA-U-20480-1024-NA-241-R,122.176.18.65,01244257138_dsl:VTA-U-20480-1024-NA-241-R:122.176.18.65,North,Haryana
01140610059_dsl,VTA-U-163841-1024-NA-474-R,122.176.16.93,01140610059_dsl:VTA-U-163841-1024-NA-474-R:122.176.16.93,North,Delhi
01204218960_dsl,VTA-U-40960-1024-NA-617-R,122.176.123.227,01204218960_dsl:VTA-U-40960-1024-NA-617-R:122.176.123.227,North,U.P West
01145579874_dsl,VTA-U-81922-1024-NA-201-R,122.176.123.211,01145579874_dsl:VTA-U-81922-1024-NA-201-R:122.176.123.211,North,Delhi
01204139478_dsl,VTA-U-24576-1024-NA-1200-R,122.176.122.99,01204139478_dsl:VTA-U-24576-1024-NA-1200-R:122.176.122.99,North,U.P West
01204122901_dsl,VTA-U-24576-1024-NA-1082-R,122.176.122.53,01204122901_dsl:VTA-U-24576-1024-NA-1082-R:122.176.122.53,North,U.P West
01145044753_dsl,VTA-U-409600-1024-NA-294-R,122.176.122.48,01145044753_dsl:VTA-U-409600-1024-NA-294-R:122.176.122.48,North,Delhi
01294063142,VTA-U-20480-1024-NA-1255-R,122.176.122.107,01294063142:VTA-U-20480-1024-NA-1255-R:122.176.122.107,North,Haryana
rpsingh_hry,VTA-U-409600-1024-NA-463-E,122.176.121.22,rpsingh_hry:VTA-U-409600-1024-NA-463-E:122.176.121.22,North,Haryana
01246128431_dsl,VTA-U-163841-1024-NA-996-E,122.176.120.78,01246128431_dsl:VTA-U-163841-1024-NA-996-E:122.176.120.78,North,Haryana
premn_hry,VTA-U-409600-1024-NA-505-R,122.176.120.62,premn_hry:VTA-U-409600-1024-NA-505-R:122.176.120.62,North,Haryana
01244275469_dsl,VTA-U-20480-512-NA-1090-R,122.176.120.39,01244275469_dsl:VTA-U-20480-512-NA-1090-R:122.176.120.39,North,Haryana
01245010855,VTA-U-409600-1024-NA-458-R,122.176.120.171,01245010855:VTA-U-409600-1024-NA-458-R:122.176.120.171,North,Haryana
01147096465_dsl,VTA-U-409600-1024-NA-564-R,122.176.118.86,01147096465_dsl:VTA-U-409600-1024-NA-564-R:122.176.118.86,North,Delhi
01142440926_dsl,VTA-U-409600-1024-NA-637-R,122.176.118.109,01142440926_dsl:VTA-U-409600-1024-NA-637-R:122.176.118.109,North,Delhi
01191904733_dsl,VTA-U-163841-1024-NA-877-E,122.176.116.79,01191904733_dsl:VTA-U-163841-1024-NA-877-E:122.176.116.79,North,Delhi
01145086320_dsl,VTA-U-409600-1024-NA-1183-R,122.176.116.60,01145086320_dsl:VTA-U-409600-1024-NA-1183-R:122.176.116.60,North,Haryana
01147015860_dsl,VTA-U-20480-512-NA-1236-E,122.176.116.57,01147015860_dsl:VTA-U-20480-512-NA-1236-E:122.176.116.57,North,Haryana
01194063400_dsl,VTA-U-163841-1024-NA-1048-E,122.176.116.39,01194063400_dsl:VTA-U-163841-1024-NA-1048-E:122.176.116.39,North,Delhi
01193516104_dsl,VTA-U-409600-1024-NA-1104-E,122.176.116.118,01193516104_dsl:VTA-U-409600-1024-NA-1104-E:122.176.116.118,North,Delhi
01204120487_dsl,VTA-U-40960-1024-NA-944-R,122.176.115.225,01204120487_dsl:VTA-U-40960-1024-NA-944-R:122.176.115.225,North,U.P West
01245088652,VTA-U-81922-1024-NA-695-R,122.176.114.109,01245088652:VTA-U-81922-1024-NA-695-R:122.176.114.109,North,Haryana
01146536084_dsl,VTA-U-163841-1024-NA-288-R,122.176.113.176,01146536084_dsl:VTA-U-163841-1024-NA-288-R:122.176.113.176,North,Delhi
012938134996_dsl,VTA-U-20480-1024-NA-1080-R,122.176.111.3,012938134996_dsl:VTA-U-20480-1024-NA-1080-R:122.176.111.3,North,Haryana
01295048594,VTA-U-20480-1024-NA-1230-R,122.176.106.186,01295048594:VTA-U-20480-1024-NA-1230-R:122.176.106.186,North,Haryana
02069456963_mh,,122.170.114.242,02069456963_mh::122.170.114.242,West,Maharastra
07984905365_mh,VTA-U-163841-1024-NA-395-R,122.169.110.207,07984905365_mh:VTA-U-163841-1024-NA-395-R:122.169.110.207,West,Gujarat
07987026733_mh,VTA-U-163841-1024-NA-3333-R,122.169.102.231,07987026733_mh:VTA-U-163841-1024-NA-3333-R:122.169.102.231,West,Gujarat
02284522415_mh,VTA-U-409600-1024-NA-110-R,122.169.102.200,02284522415_mh:VTA-U-409600-1024-NA-110-R:122.169.102.200,West,Mumbai
07554272468_mp,VTA-U-40960-1024-NA-3340-R,122.168.199.90,07554272468_mp:VTA-U-40960-1024-NA-3340-R:122.168.199.90,West,MP
07752418283_dsl,VTA-U-10241-512-NA-989-E,122.168.199.88,07752418283_dsl:VTA-U-10241-512-NA-989-E:122.168.199.88,West,MP
07554226356_dsl,VTA-U-409600-1024-NA-3333-R,122.168.199.238,07554226356_dsl:VTA-U-409600-1024-NA-3333-R:122.168.199.238,West,MP
mpb2663778_dsl,VTA-U-163841-1024-NA-712-E,122.168.199.185,mpb2663778_dsl:VTA-U-163841-1024-NA-712-E:122.168.199.185,West,MP
07554202173_dsl,VTA-U-20480-1024-NA-613-R,122.168.199.171,07554202173_dsl:VTA-U-20480-1024-NA-613-R:122.168.199.171,West,MP
07554251773_mp,VTA-U-81922-1024-NA-431-R,122.168.199.143,07554251773_mp:VTA-U-81922-1024-NA-431-R:122.168.199.143,West,MP
07554004080_dsl,VTA-U-409600-1024-NA-493-R,122.168.199.141,07554004080_dsl:VTA-U-409600-1024-NA-493-R:122.168.199.141,West,MP
075513972809_mp,VTA-U-409600-1024-NA-671-R,122.168.199.107,075513972809_mp:VTA-U-409600-1024-NA-671-R:122.168.199.107,West,MP
07314227504_mp,VTA-U-163841-1024-NA-917-R,122.168.198.86,07314227504_mp:VTA-U-163841-1024-NA-917-R:122.168.198.86,West,MP
07314045854_dsl,VTA-U-163841-1024-NA-471-E,122.168.198.84,07314045854_dsl:VTA-U-163841-1024-NA-471-E:122.168.198.84,West,MP
073131216569_dsl,VTA-U-409600-1024-NA-719-E,122.168.198.27,073131216569_dsl:VTA-U-409600-1024-NA-719-E:122.168.198.27,West,MP
07314069143_dsl,VTA-U-40960-512-NA-731-E,122.168.198.229,07314069143_dsl:VTA-U-40960-512-NA-731-E:122.168.198.229,West,MP
07314214037_mp,VTA-U-163841-1024-NA-408-E,122.168.198.184,07314214037_mp:VTA-U-163841-1024-NA-408-E:122.168.198.184,West,MP
07314071976_mp,VTA-U-20480-512-NA-211-E,122.168.198.180,07314071976_mp:VTA-U-20480-512-NA-211-E:122.168.198.180,West,MP
07314213945_mp,VTA-U-409600-1024-NA-1525-R,122.168.198.134,07314213945_mp:VTA-U-409600-1024-NA-1525-R:122.168.198.134,West,MP
07314274342_mp,VTA-U-163841-1024-NA-613-E,122.168.198.126,07314274342_mp:VTA-U-163841-1024-NA-613-E:122.168.198.126,West,MP
07554002090_dsl,VTA-U-409600-1024-NA-637-E,122.168.197.254,07554002090_dsl:VTA-U-409600-1024-NA-637-E:122.168.197.254,West,MP
075514669300_dsl,VTA-U-40960-1024-NA-3340-R,122.168.197.127,075514669300_dsl:VTA-U-40960-1024-NA-3340-R:122.168.197.127,West,MP
07557377743_dsl,VTA-U-1024000-1024-NA-1500-R,122.168.197.100,07557377743_dsl:VTA-U-1024000-1024-NA-1500-R:122.168.197.100,West,MP
073126106151_dsl,VTA-U-163841-1024-NA-696-E,122.168.196.87,073126106151_dsl:VTA-U-163841-1024-NA-696-E:122.168.196.87,West,MP
073113773501_mp,VTA-U-40960-512-NA-1026-R,122.168.196.75,073113773501_mp:VTA-U-40960-512-NA-1026-R:122.168.196.75,West,MP
07314293672_mp,VTA-U-163841-1024-NA-640-E,122.168.196.68,07314293672_mp:VTA-U-163841-1024-NA-640-E:122.168.196.68,West,MP
07314047657_mp,VTA-U-20480-1024-NA-379-R,122.168.196.4,07314047657_mp:VTA-U-20480-1024-NA-379-R:122.168.196.4,West,MP
07314246385_mp,VTA-U-20480-1024-NA-560-R,122.168.196.176,07314246385_mp:VTA-U-20480-1024-NA-560-R:122.168.196.176,West,MP
7315068788_mp,VTA-U-163841-1024-NA-1500-R,122.168.196.175,7315068788_mp:VTA-U-163841-1024-NA-1500-R:122.168.196.175,West,MP
07314275710_mp,VTA-U-10241-512-NA-210-E,122.168.196.158,07314275710_mp:VTA-U-10241-512-NA-210-E:122.168.196.158,West,MP
073110978141,VTA-U-20480-512-NA-520-E,122.168.196.145,073110978141:VTA-U-20480-512-NA-520-E:122.168.196.145,West,MP
07314094442_dsl,VTA-U-409600-1024-NA-122-R,122.168.196.141,07314094442_dsl:VTA-U-409600-1024-NA-122-R:122.168.196.141,West,MP
07272403261_mp,VTA-U-20480-1024-NA-700-R,122.168.195.30,07272403261_mp:VTA-U-20480-1024-NA-700-R:122.168.195.30,West,MP
076621222155_dsl,VTA-U-20480-1024-NA-899-R,122.168.195.24,076621222155_dsl:VTA-U-20480-1024-NA-899-R:122.168.195.24,West,MP
07557547813_dsl,VTA-U-20480-1024-NA-59-E,122.168.195.234,07557547813_dsl:VTA-U-20480-1024-NA-59-E:122.168.195.234,West,MP
07554236344_mp,VTA-U-409600-1024-NA-232-E,122.168.195.156,07554236344_mp:VTA-U-409600-1024-NA-232-E:122.168.195.156,West,MP
07314037288_mp,VTA-U-409600-1024-NA-633-R,122.168.195.108,07314037288_mp:VTA-U-409600-1024-NA-633-R:122.168.195.108,West,MP
073110986453,VTA-U-163841-1024-NA-1007-E,122.168.195.105,073110986453:VTA-U-163841-1024-NA-1007-E:122.168.195.105,West,MP
07554265417_mp,VTA-U-409600-1024-NA-1325-R,122.168.194.85,07554265417_mp:VTA-U-409600-1024-NA-1325-R:122.168.194.85,West,MP
07314038479_mp,VTA-U-24576-1024-NA-167-R,122.168.194.84,07314038479_mp:VTA-U-24576-1024-NA-167-R:122.168.194.84,West,MP
07314268960_dsl,VTA-U-81922-1024-NA-120-E,122.168.194.247,07314268960_dsl:VTA-U-81922-1024-NA-120-E:122.168.194.247,West,MP
07292400760_mp,VTA-U-20480-512-NA-510-E,122.168.194.191,07292400760_mp:VTA-U-20480-512-NA-510-E:122.168.194.191,West,MP
07314076519_mp,VTA-U-409600-1024-NA-203-R,122.168.194.157,07314076519_mp:VTA-U-409600-1024-NA-203-R:122.168.194.157,West,MP
07314249712_mp,VTA-U-40960-512-NA-287-E,122.168.194.148,07314249712_mp:VTA-U-40960-512-NA-287-E:122.168.194.148,West,MP
07314034555_mp,VTA-U-81922-512-NA-210-E,122.168.194.105,07314034555_mp:VTA-U-81922-512-NA-210-E:122.168.194.105,West,MP
077134622545_dsl,VTA-U-163841-1024-NA-565-R,122.168.190.187,077134622545_dsl:VTA-U-163841-1024-NA-565-R:122.168.190.187,West,MP
07314042642_mp,VTA-U-409600-1024-NA-685-R,122.168.190.151,07314042642_mp:VTA-U-409600-1024-NA-685-R:122.168.190.151,West,MP
07614032436_dsl,VTA-U-40960-1024-NA-421-R,122.168.127.82,07614032436_dsl:VTA-U-40960-1024-NA-421-R:122.168.127.82,West,MP
07614018839_dsl,VTA-U-40960-512-NA-197-E,122.168.127.66,07614018839_dsl:VTA-U-40960-512-NA-197-E:122.168.127.66,West,MP
07614007177_mp,VTA-U-20480-1024-NA-856-R,122.168.127.230,07614007177_mp:VTA-U-20480-1024-NA-856-R:122.168.127.230,West,MP
07614069821_dsl,VTA-U-40960-1024-NA-805-R,122.168.127.202,07614069821_dsl:VTA-U-40960-1024-NA-805-R:122.168.127.202,West,MP
072921285121_dsl,VTA-U-40960-1024-NA-582-R,122.168.127.165,072921285121_dsl:VTA-U-40960-1024-NA-582-R:122.168.127.165,West,MP
07292401087_mp,VTA-U-40960-1024-NA-452-R,122.168.127.137,07292401087_mp:VTA-U-40960-1024-NA-452-R:122.168.127.137,West,MP
073121390483_dsl,VTA-U-163841-1024-NA-538-E,122.168.126.73,073121390483_dsl:VTA-U-163841-1024-NA-538-E:122.168.126.73,West,MP
07554000353_mp,VTA-U-81922-1024-NA-1009-R,122.168.126.57,07554000353_mp:VTA-U-81922-1024-NA-1009-R:122.168.126.57,West,MP
07514034098_dsl,VTA-U-20480-512-NA-440-R,122.168.126.52,07514034098_dsl:VTA-U-20480-512-NA-440-R:122.168.126.52,West,MP
077521421112_dsl,VTA-U-20480-1024-NA-520-R,122.168.126.225,077521421112_dsl:VTA-U-20480-1024-NA-520-R:122.168.126.225,West,MP
074231109772_dsl,VTA-U-40960-512-NA-887-E,122.168.126.186,074231109772_dsl:VTA-U-40960-512-NA-887-E:122.168.126.186,West,MP
077137440552_dsl,VTA-U-20480-1024-NA-194-E,122.168.126.177,077137440552_dsl:VTA-U-20480-1024-NA-194-E:122.168.126.177,West,MP
07514077580_dsl,VTA-U-24576-1024-NA-1090-R,122.168.126.164,07514077580_dsl:VTA-U-24576-1024-NA-1090-R:122.168.126.164,West,MP
07514054092_mp,VTA-U-24576-1024-NA-1181-R,122.168.126.128,07514054092_mp:VTA-U-24576-1024-NA-1181-R:122.168.126.128,West,MP
07514013317_dsl,VTA-U-10241-512-NA-370-E,122.168.126.127,07514013317_dsl:VTA-U-10241-512-NA-370-E:122.168.126.127,West,MP
077113028550_dsl,VTA-U-20480-1024-NA-549-R,122.168.126.125,077113028550_dsl:VTA-U-20480-1024-NA-549-R:122.168.126.125,West,MP
07884049495_dsl,VTA-U-163841-1024-NA-204-R,122.168.125.71,07884049495_dsl:VTA-U-163841-1024-NA-204-R:122.168.125.71,West,MP
077127174388_dsl,VTA-U-163841-1024-NA-203-R,122.168.125.66,077127174388_dsl:VTA-U-163841-1024-NA-203-R:122.168.125.66,West,MP
07714011862_dsl,VTA-U-163841-1024-NA-1100-E,122.168.125.62,07714011862_dsl:VTA-U-163841-1024-NA-1100-E:122.168.125.62,West,MP
07884062364_mp,VTA-U-81922-1024-NA-137-R,122.168.125.31,07884062364_mp:VTA-U-81922-1024-NA-137-R:122.168.125.31,West,MP
07412409530_mp,VTA-U-81922-1024-NA-254-R,122.168.125.248,07412409530_mp:VTA-U-81922-1024-NA-254-R:122.168.125.248,West,MP
07884039426_dsl,VTA-U-40960-512-NA-960-E,122.168.125.212,07884039426_dsl:VTA-U-40960-512-NA-960-E:122.168.125.212,West,MP
073111207568,VTA-U-409600-1024-NA-360-R,122.168.125.2,073111207568:VTA-U-409600-1024-NA-360-R:122.168.125.2,West,MP
077134960503_dsl,VTA-U-40960-512-NA-1090-E,122.168.125.185,077134960503_dsl:VTA-U-40960-512-NA-1090-E:122.168.125.185,West,MP
07714268102_dsl,VTA-U-163841-1024-NA-1086-E,122.168.125.124,07714268102_dsl:VTA-U-163841-1024-NA-1086-E:122.168.125.124,West,MP
07314279462_dsl,VTA-U-20480-512-NA-572-E,122.168.125.108,07314279462_dsl:VTA-U-20480-512-NA-572-E:122.168.125.108,West,MP
07314257779_dsl,VTA-U-24576-1024-NA-1381-R,122.168.124.97,07314257779_dsl:VTA-U-24576-1024-NA-1381-R:122.168.124.97,West,MP
07314279598_dsl,VTA-U-81922-512-NA-124-E,122.168.124.90,07314279598_dsl:VTA-U-81922-512-NA-124-E:122.168.124.90,West,MP
073124334326_dsl,VTA-U-20480-1024-NA-521-R,122.168.124.75,073124334326_dsl:VTA-U-20480-1024-NA-521-R:122.168.124.75,West,MP
07314293566_mp,VTA-U-81922-1024-NA-515-R,122.168.124.71,07314293566_mp:VTA-U-81922-1024-NA-515-R:122.168.124.71,West,MP
07480401552_dsl,VTA-U-81922-1024-NA-3333-R,122.168.124.7,07480401552_dsl:VTA-U-81922-1024-NA-3333-R:122.168.124.7,West,MP
07884030671_dsl,VTA-U-163841-1024-NA-1200-E,122.168.124.62,07884030671_dsl:VTA-U-163841-1024-NA-1200-E:122.168.124.62,West,MP
07314083086_mp,VTA-U-163841-1024-NA-559-E,122.168.124.54,07314083086_mp:VTA-U-163841-1024-NA-559-E:122.168.124.54,West,MP
07314088288_mp,VTA-U-20480-1024-NA-653-R,122.168.124.246,07314088288_mp:VTA-U-20480-1024-NA-653-R:122.168.124.246,West,MP
07314274121_dsl,VTA-U-24576-1024-NA-843-E,122.168.124.233,07314274121_dsl:VTA-U-24576-1024-NA-843-E:122.168.124.233,West,MP
07344060565_dsl,VTA-U-40960-1024-NA-763-R,122.168.124.212,07344060565_dsl:VTA-U-40960-1024-NA-763-R:122.168.124.212,West,MP
mp2423694_dsl,VTA-U-40960-1024-NA-400-E,122.168.124.16,mp2423694_dsl:VTA-U-40960-1024-NA-400-E:122.168.124.16,West,MP
07314062596_mp,VTA-U-24576-1024-NA-1173-R,122.168.124.120,07314062596_mp:VTA-U-24576-1024-NA-1173-R:122.168.124.120,West,MP
07556220641_dsl,VTA-U-163841-1024-NA-536-E,122.168.123.75,07556220641_dsl:VTA-U-163841-1024-NA-536-E:122.168.123.75,West,MP
07554289647_mp,VTA-U-163841-1024-NA-1285-E,122.168.123.7,07554289647_mp:VTA-U-163841-1024-NA-1285-E:122.168.123.7,West,MP
07554297602_dsl,VTA-U-409600-1024-NA-1330-R,122.168.123.59,07554297602_dsl:VTA-U-409600-1024-NA-1330-R:122.168.123.59,West,MP
075511182378,VTA-U-163841-1024-NA-1068-E,122.168.123.3,075511182378:VTA-U-163841-1024-NA-1068-E:122.168.123.3,West,MP
07554265026_dsl,VTA-U-409600-1024-NA-1149-R,122.168.123.219,07554265026_dsl:VTA-U-409600-1024-NA-1149-R:122.168.123.219,West,MP
07422656331_dsl,VTA-U-40960-1024-NA-1120-E,122.168.123.167,07422656331_dsl:VTA-U-40960-1024-NA-1120-E:122.168.123.167,West,MP
07617874149_dsl,VTA-U-409600-1024-NA-933-R,122.168.123.155,07617874149_dsl:VTA-U-409600-1024-NA-933-R:122.168.123.155,West,MP
07554034878_mp,VTA-U-409600-1024-NA-1250-R,122.168.123.151,07554034878_mp:VTA-U-409600-1024-NA-1250-R:122.168.123.151,West,MP
012138001469_dsl,VTA-U-409600-1024-NA-1052-R,122.165.144.91,012138001469_dsl:VTA-U-409600-1024-NA-1052-R:122.165.144.91,North,North - UP West
052242084624_dsl,VTA-U-409600-1024-NA-949-R,122.163.178.47,052242084624_dsl:VTA-U-409600-1024-NA-949-R:122.163.178.47,North,UP East
052240835505_dsl,VTA-U-409600-1024-NA-983-R,122.163.177.47,052240835505_dsl:VTA-U-409600-1024-NA-983-R:122.163.177.47,North,UP East
052240835470_dsl,VTA-U-409600-1024-NA-199-R,122.163.177.33,052240835470_dsl:VTA-U-409600-1024-NA-199-R:122.163.177.33,North,UP East
052234778813_dsl,VTA-U-163841-1024-NA-554-R,122.163.177.25,052234778813_dsl:VTA-U-163841-1024-NA-554-R:122.163.177.25,North,UP East
052241520290_dsl,VTA-U-163841-1024-NA-682-R,122.163.177.221,052241520290_dsl:VTA-U-163841-1024-NA-682-R:122.163.177.221,North,UP East
052241444147_dsl,VTA-U-163841-1024-NA-910-R,122.163.177.137,052241444147_dsl:VTA-U-163841-1024-NA-910-R:122.163.177.137,North,UP East
052234309503_dsl,VTA-U-409600-1024-NA-789-E,122.163.176.97,052234309503_dsl:VTA-U-409600-1024-NA-789-E:122.163.176.97,North,UP East
052238136470_dsl,VTA-U-409600-1024-NA-524-R,122.163.176.40,052238136470_dsl:VTA-U-409600-1024-NA-524-R:122.163.176.40,North,UP East
052234381478_dsl,VTA-U-163841-1024-NA-491-E,122.163.176.30,052234381478_dsl:VTA-U-163841-1024-NA-491-E:122.163.176.30,North,UP East
052239452402_dsl,VTA-U-409600-1024-NA-544-R,122.163.176.226,052239452402_dsl:VTA-U-409600-1024-NA-544-R:122.163.176.226,North,UP East
052238808460_dsl,VTA-U-24576-1024-NA-1200-E,122.163.176.188,052238808460_dsl:VTA-U-24576-1024-NA-1200-E:122.163.176.188,North,UP East
052233092729_dsl,VTA-U-163841-1024-NA-332-E,122.163.176.153,052233092729_dsl:VTA-U-163841-1024-NA-332-E:122.163.176.153,North,UP East
052235318518_dsl,VTA-U-163841-1024-NA-135-R,122.163.176.151,052235318518_dsl:VTA-U-163841-1024-NA-135-R:122.163.176.151,North,UP East
03395903199_dsl,VTA-U-409600-1024-NA-1192-E,122.163.123.60,03395903199_dsl:VTA-U-409600-1024-NA-1192-E:122.163.123.60,North,Kolkata
03394062481_dsl,VTA-U-24576-1024-NA-335-E,122.163.123.245,03394062481_dsl:VTA-U-24576-1024-NA-335-E:122.163.123.245,North,Kolkata
03394060695_dsl,VTA-U-24576-1024-NA-322-E,122.163.123.244,03394060695_dsl:VTA-U-24576-1024-NA-322-E:122.163.123.244,North,Kolkata
03396439212_dsl,VTA-U-409600-1024-NA-237-R,122.163.123.234,03396439212_dsl:VTA-U-409600-1024-NA-237-R:122.163.123.234,North,Kolkata
03394612707_dsl,VTA-U-409600-1024-NA-956-E,122.163.123.211,03394612707_dsl:VTA-U-409600-1024-NA-956-E:122.163.123.211,North,Kolkata
03396428473_dsl,VTA-U-409600-1024-NA-1066-E,122.163.123.153,03396428473_dsl:VTA-U-409600-1024-NA-1066-E:122.163.123.153,North,Kolkata
03396424602_dsl,VTA-U-409600-1024-NA-1150-E,122.163.123.152,03396424602_dsl:VTA-U-409600-1024-NA-1150-E:122.163.123.152,North,Kolkata
03395411479_dsl,VTA-U-409600-1024-NA-162-E,122.163.123.114,03395411479_dsl:VTA-U-409600-1024-NA-162-E:122.163.123.114,North,Kolkata
03395026501_dsl,VTA-U-409600-1024-NA-160-R,122.163.123.107,03395026501_dsl:VTA-U-409600-1024-NA-160-R:122.163.123.107,North,Kolkata
03394622617_dsl,VTA-U-409600-1024-NA-371-R,122.163.122.88,03394622617_dsl:VTA-U-409600-1024-NA-371-R:122.163.122.88,North,Kolkata
03395055942_dsl,VTA-U-409600-1024-NA-434-E,122.163.122.62,03395055942_dsl:VTA-U-409600-1024-NA-434-E:122.163.122.62,North,Kolkata
03395056152_dsl,VTA-U-409600-1024-NA-1004-E,122.163.122.42,03395056152_dsl:VTA-U-409600-1024-NA-1004-E:122.163.122.42,North,Kolkata
03393506820_dsl,VTA-U-409600-1024-NA-679-R,122.163.122.130,03393506820_dsl:VTA-U-409600-1024-NA-679-R:122.163.122.130,North,Kolkata
03392487933_dsl,VTA-U-409600-1024-NA-1232-R,122.163.121.203,03392487933_dsl:VTA-U-409600-1024-NA-1232-R:122.163.121.203,North,Kolkata
03393422342_dsl,VTA-U-409600-1024-NA-485-R,122.163.120.50,03393422342_dsl:VTA-U-409600-1024-NA-485-R:122.163.120.50,North,Kolkata
01244229996_dsl,VTA-U-163841-1024-NA-838-R,122.161.199.73,01244229996_dsl:VTA-U-163841-1024-NA-838-R:122.161.199.73,North,Haryana
01294008624_dsl,VTA-U-163841-1024-NA-614-E,122.161.199.37,01294008624_dsl:VTA-U-163841-1024-NA-614-E:122.161.199.37,North,Haryana
012440821665_dsl,VTA-U-409600-1024-NA-1048-R,122.161.199.208,012440821665_dsl:VTA-U-409600-1024-NA-1048-R:122.161.199.208,North,Haryana
01195079025_dsl,VTA-U-409600-1024-NA-488-R,122.161.199.202,01195079025_dsl:VTA-U-409600-1024-NA-488-R:122.161.199.202,North,Delhi
01294009870_dsl,VTA-U-409600-1024-NA-1250-R,122.161.199.151,01294009870_dsl:VTA-U-409600-1024-NA-1250-R:122.161.199.151,North,Haryana
01145536430_dsl,VTA-U-409600-1024-NA-620-R,122.161.198.226,01145536430_dsl:VTA-U-409600-1024-NA-620-R:122.161.198.226,North,Delhi
012019806659_dsl,VTA-U-409600-1024-NA-150-R,122.161.197.136,012019806659_dsl:VTA-U-409600-1024-NA-150-R:122.161.197.136,North,U.P West
01204123862_dsl,VTA-U-409600-1024-NA-412-R,122.161.196.9,01204123862_dsl:VTA-U-409600-1024-NA-412-R:122.161.196.9,North,Delhi
01205327152,VTA-U-409600-1024-NA-838-R,122.161.196.200,01205327152:VTA-U-409600-1024-NA-838-R:122.161.196.200,North,U.P West
01204230302_dsl,VTA-U-40960-1024-NA-943-E,122.161.196.149,01204230302_dsl:VTA-U-40960-1024-NA-943-E:122.161.196.149,North,U.P West
01174837550_dsl,VTA-U-163841-1024-NA-1050-R,122.161.195.102,01174837550_dsl:VTA-U-163841-1024-NA-1050-R:122.161.195.102,North,Delhi
01244363903_dsl,VTA-U-409600-1024-NA-532-R,122.161.194.156,01244363903_dsl:VTA-U-409600-1024-NA-532-R:122.161.194.156,North,Haryana
01146052671_dsl,VTA-U-409600-1024-NA-674-R,122.160.94.41,01146052671_dsl:VTA-U-409600-1024-NA-674-R:122.160.94.41,North,Delhi
01194629672_dsl,VTA-U-409600-1024-NA-1250-R,122.160.94.24,01194629672_dsl:VTA-U-409600-1024-NA-1250-R:122.160.94.24,North,Delhi
01193423054_dsl,VTA-U-409600-1024-NA-461-E,122.160.94.195,01193423054_dsl:VTA-U-409600-1024-NA-461-E:122.160.94.195,North,Delhi
01193429262_dsl,VTA-U-409600-1024-NA-1011-E,122.160.94.191,01193429262_dsl:VTA-U-409600-1024-NA-1011-E:122.160.94.191,North,Delhi
01147035338_dsl,VTA-U-409600-1024-NA-1274-R,122.160.94.172,01147035338_dsl:VTA-U-409600-1024-NA-1274-R:122.160.94.172,North,Delhi
056230726508_dsl,VTA-U-409600-1024-NA-1200-E,122.160.94.130,056230726508_dsl:VTA-U-409600-1024-NA-1200-E:122.160.94.130,North,North - UP West
01295015016_dsl,VTA-U-81922-1024-NA-505-R,122.160.88.99,01295015016_dsl:VTA-U-81922-1024-NA-505-R:122.160.88.99,North,Haryana
01296105781_dsl,VTA-U-163841-1024-NA-160-R,122.160.88.78,01296105781_dsl:VTA-U-163841-1024-NA-160-R:122.160.88.78,North,Haryana
01294011527_dsl,VTA-U-409600-1024-NA-870-R,122.160.88.230,01294011527_dsl:VTA-U-409600-1024-NA-870-R:122.160.88.230,North,Haryana
01294150019_dsl,VTA-U-20480-1024-NA-1200-R,122.160.88.188,01294150019_dsl:VTA-U-20480-1024-NA-1200-R:122.160.88.188,North,Haryana
01294021670_dsl,VTA-U-163841-1024-NA-1210-R,122.160.88.162,01294021670_dsl:VTA-U-163841-1024-NA-1210-R:122.160.88.162,North,Haryana
012430335570_dsl,VTA-U-409600-1024-NA-1133-R,122.160.88.142,012430335570_dsl:VTA-U-409600-1024-NA-1133-R:122.160.88.142,North,Delhi
01294013279_dsl,VTA-U-409600-1024-NA-871-R,122.160.87.81,01294013279_dsl:VTA-U-409600-1024-NA-871-R:122.160.87.81,North,Haryana
01246463394_dsl,VTA-U-409600-1024-NA-1596-R,122.160.87.46,01246463394_dsl:VTA-U-409600-1024-NA-1596-R:122.160.87.46,North,Haryana
01244061028_dsl,VTA-U-1024000-1024-NA-1372-R,122.160.87.26,01244061028_dsl:VTA-U-1024000-1024-NA-1372-R:122.160.87.26,North,Haryana
01294052096_dsl,VTA-U-20480-512-NA-448-E,122.160.86.76,01294052096_dsl:VTA-U-20480-512-NA-448-E:122.160.86.76,North,Haryana
01244218994_dsl,VTA-U-409600-1024-NA-756-R,122.160.86.57,01244218994_dsl:VTA-U-409600-1024-NA-756-R:122.160.86.57,North,Haryana
kapilchadha_hry,VTA-U-20480-512-NA-761-R,122.160.86.156,kapilchadha_hry:VTA-U-20480-512-NA-761-R:122.160.86.156,North,Haryana
01246488983_dsl,VTA-U-409600-1024-NA-522-R,122.160.85.25,01246488983_dsl:VTA-U-409600-1024-NA-522-R:122.160.85.25,North,Haryana
01140548219_dsl,VTA-U-24576-1024-NA-1050-E,122.160.85.164,01140548219_dsl:VTA-U-24576-1024-NA-1050-E:122.160.85.164,North,Delhi
01244250095_dsl,VTA-U-409600-1024-NA-791-R,122.160.85.160,01244250095_dsl:VTA-U-409600-1024-NA-791-R:122.160.85.160,North,Haryana
01193886567_dsl,VTA-U-409600-1024-NA-906-E,122.160.85.125,01193886567_dsl:VTA-U-409600-1024-NA-906-E:122.160.85.125,North,Delhi
01248515843_dsl,VTA-U-40960-1024-NA-476-R,122.160.85.107,01248515843_dsl:VTA-U-40960-1024-NA-476-R:122.160.85.107,North,Haryana
01244017402_dsl,VTA-U-81922-1024-NA-1031-R,122.160.84.96,01244017402_dsl:VTA-U-81922-1024-NA-1031-R:122.160.84.96,North,Haryana
01244075577_dsl,VTA-U-40960-1024-NA-1050-R,122.160.83.120,01244075577_dsl:VTA-U-40960-1024-NA-1050-R:122.160.83.120,North,Haryana
01246276771_dsl,VTA-U-409600-1024-NA-670-R,122.160.82.244,01246276771_dsl:VTA-U-409600-1024-NA-670-R:122.160.82.244,North,Haryana
01244225127_dsl,VTA-U-409600-1024-NA-556-R,122.160.82.186,01244225127_dsl:VTA-U-409600-1024-NA-556-R:122.160.82.186,North,Haryana
01294113551_dsl,VTA-U-409600-1024-NA-3333-R,122.160.81.30,01294113551_dsl:VTA-U-409600-1024-NA-3333-R:122.160.81.30,North,Haryana
01244007090_dsl,VTA-U-409600-1024-NA-779-R,122.160.80.32,01244007090_dsl:VTA-U-409600-1024-NA-779-R:122.160.80.32,North,Haryana
01244044078_dsl,VTA-U-163841-1024-NA-483-R,122.160.80.206,01244044078_dsl:VTA-U-163841-1024-NA-483-R:122.160.80.206,North,Haryana
01160528687_dsl,VTA-U-81922-1024-NA-1130-R,122.160.80.183,01160528687_dsl:VTA-U-81922-1024-NA-1130-R:122.160.80.183,North,Delhi
01147055842_dsl,VTA-U-409600-1024-NA-590-R,122.160.8.39,01147055842_dsl:VTA-U-409600-1024-NA-590-R:122.160.8.39,North,Delhi
01160476696_dsl,VTA-U-409600-1024-NA-4333-R,122.160.8.228,01160476696_dsl:VTA-U-409600-1024-NA-4333-R:122.160.8.228,North,Delhi
01143581377_dsl,VTA-U-409600-1024-NA-1319-E,122.160.8.219,01143581377_dsl:VTA-U-409600-1024-NA-1319-E:122.160.8.219,North,Haryana
012033336239_dsl,VTA-U-409600-1024-NA-265-R,122.160.79.213,012033336239_dsl:VTA-U-409600-1024-NA-265-R:122.160.79.213,North,U.P West
01143587145_dsl,VTA-U-409600-1024-NA-351-R,122.160.78.226,01143587145_dsl:VTA-U-409600-1024-NA-351-R:122.160.78.226,North,Delhi
01168028893_dsl,VTA-U-81922-512-NA-50-R,122.160.78.208,01168028893_dsl:VTA-U-81922-512-NA-50-R:122.160.78.208,North,Delhi
012039585953_dsl,VTA-U-24576-1024-NA-235-R,122.160.77.40,012039585953_dsl:VTA-U-24576-1024-NA-235-R:122.160.77.40,North,U.P West
01143571575_dsl,VTA-U-24576-1024-NA-1201-R,122.160.77.212,01143571575_dsl:VTA-U-24576-1024-NA-1201-R:122.160.77.212,North,Delhi
01143013601_dsl,VTA-U-163841-1024-NA-1050-R,122.160.77.153,01143013601_dsl:VTA-U-163841-1024-NA-1050-R:122.160.77.153,North,Delhi
012134001535_dsl,VTA-U-81922-1024-NA-627-R,122.160.77.10,012134001535_dsl:VTA-U-81922-1024-NA-627-R:122.160.77.10,North,North - UP West
01204210244_dsl,VTA-U-163841-1024-NA-1038-R,122.160.76.73,01204210244_dsl:VTA-U-163841-1024-NA-1038-R:122.160.76.73,North,U.P West
01160168187_dsl,VTA-U-24576-1024-NA-960-R,122.160.75.99,01160168187_dsl:VTA-U-24576-1024-NA-960-R:122.160.75.99,North,Delhi
01140561286_dsl,VTA-U-409600-1024-NA-1342-R,122.160.75.53,01140561286_dsl:VTA-U-409600-1024-NA-1342-R:122.160.75.53,North,Delhi
mskhamba_del,VTA-U-409600-1024-NA-483-R,122.160.75.136,mskhamba_del:VTA-U-409600-1024-NA-483-R:122.160.75.136,North,Delhi
bholasons_del,VTA-U-163841-1024-NA-343-R,122.160.75.104,bholasons_del:VTA-U-163841-1024-NA-343-R:122.160.75.104,North,Delhi
01204223991_dsl,VTA-U-409600-1024-NA-1082-R,122.160.74.183,01204223991_dsl:VTA-U-409600-1024-NA-1082-R:122.160.74.183,North,U.P West
01140527688_dsl,VTA-U-163841-1024-NA-893-R,122.160.73.70,01140527688_dsl:VTA-U-163841-1024-NA-893-R:122.160.73.70,North,Delhi
01147063537_dsl,VTA-U-24576-1024-NA-605-E,122.160.73.243,01147063537_dsl:VTA-U-24576-1024-NA-605-E:122.160.73.243,North,Delhi
01151635267,VTA-U-163841-1024-NA-830-R,122.160.73.132,01151635267:VTA-U-163841-1024-NA-830-R:122.160.73.132,North,Delhi
01141651613_dsl,VTA-U-163841-1024-NA-624-R,122.160.73.113,01141651613_dsl:VTA-U-163841-1024-NA-624-R:122.160.73.113,North,Delhi
01146575073_dsl,VTA-U-409600-1024-NA-1064-R,122.160.72.24,01146575073_dsl:VTA-U-409600-1024-NA-1064-R:122.160.72.24,North,Delhi
01147036625_dsl,VTA-U-24576-1024-NA-696-R,122.160.71.93,01147036625_dsl:VTA-U-24576-1024-NA-696-R:122.160.71.93,North,Delhi
01204227815_dsl,VTA-U-81922-1024-NA-1013-E,122.160.70.154,01204227815_dsl:VTA-U-81922-1024-NA-1013-E:122.160.70.154,North,U.P West
01204206594_dsl,VTA-U-409600-1024-NA-694-R,122.160.70.114,01204206594_dsl:VTA-U-409600-1024-NA-694-R:122.160.70.114,North,U.P West
01160446913_dsl,VTA-U-409600-1024-NA-872-R,122.160.69.91,01160446913_dsl:VTA-U-409600-1024-NA-872-R:122.160.69.91,North,Delhi
01151633533,VTA-U-409600-1024-NA-803-R,122.160.69.59,01151633533:VTA-U-409600-1024-NA-803-R:122.160.69.59,North,Delhi
01145026662_dsl,VTA-U-409600-1024-NA-1350-R,122.160.69.33,01145026662_dsl:VTA-U-409600-1024-NA-1350-R:122.160.69.33,North,Delhi
01204208300_dsl,VTA-U-40960-512-NA-587-E,122.160.68.5,01204208300_dsl:VTA-U-40960-512-NA-587-E:122.160.68.5,North,U.P West
01146547938_dsl,VTA-U-409600-1024-NA-950-R,122.160.67.126,01146547938_dsl:VTA-U-409600-1024-NA-950-R:122.160.67.126,North,Delhi
01204217121_dsl,VTA-U-40960-1024-NA-722-R,122.160.66.88,01204217121_dsl:VTA-U-40960-1024-NA-722-R:122.160.66.88,North,U.P West
01204205520_dsl,VTA-U-20480-1024-NA-709-E,122.160.66.231,01204205520_dsl:VTA-U-20480-1024-NA-709-E:122.160.66.231,North,U.P West
01204206932_dsl,VTA-U-20480-512-NA-875-R,122.160.66.206,01204206932_dsl:VTA-U-20480-512-NA-875-R:122.160.66.206,North,U.P West
01204211555_dsl,VTA-U-40960-1024-NA-700-R,122.160.66.102,01204211555_dsl:VTA-U-40960-1024-NA-700-R:122.160.66.102,North,U.P West
S137950_dsl,VTA-U-163841-1024-NA-448-R,122.160.65.9,S137950_dsl:VTA-U-163841-1024-NA-448-R:122.160.65.9,North,U.P West
01204229348_dsl,VTA-U-24576-1024-NA-829-E,122.160.65.67,01204229348_dsl:VTA-U-24576-1024-NA-829-E:122.160.65.67,North,U.P West
01244371712_dsl,VTA-U-163841-1024-NA-432-R,122.160.64.87,01244371712_dsl:VTA-U-163841-1024-NA-432-R:122.160.64.87,North,Haryana
01296303547_dsl,VTA-U-24576-1024-NA-1200-R,122.160.62.91,01296303547_dsl:VTA-U-24576-1024-NA-1200-R:122.160.62.91,North,Haryana
GA037249_dsl,VTA-U-409600-1024-NA-739-R,122.160.62.145,GA037249_dsl:VTA-U-409600-1024-NA-739-R:122.160.62.145,North,Haryana
018137479587_dsl,VTA-U-163841-512-NA-229-R,122.160.61.243,018137479587_dsl:VTA-U-163841-512-NA-229-R:122.160.61.243,North,Punjab
012133211533_dsl,VTA-U-409600-1024-NA-150-R,122.160.61.19,012133211533_dsl:VTA-U-409600-1024-NA-150-R:122.160.61.19,North,North - UP West
01176313856_dsl,VTA-U-409600-1024-NA-160-R,122.160.59.253,01176313856_dsl:VTA-U-409600-1024-NA-160-R:122.160.59.253,North,Delhi
01143012192_dsl,VTA-U-409600-1024-NA-1069-R,122.160.59.207,01143012192_dsl:VTA-U-409600-1024-NA-1069-R:122.160.59.207,North,Delhi
01246340600_dsl,VTA-U-163841-1024-NA-707-R,122.160.58.55,01246340600_dsl:VTA-U-163841-1024-NA-707-R:122.160.58.55,North,Haryana
01190780822_dsl,VTA-U-409600-1024-NA-283-R,122.160.58.200,01190780822_dsl:VTA-U-409600-1024-NA-283-R:122.160.58.200,North,Delhi
01204126883_dsl,VTA-U-24576-1024-NA-184-R,122.160.57.163,01204126883_dsl:VTA-U-24576-1024-NA-184-R:122.160.57.163,North,U.P West
01204214442_dsl,VTA-U-24576-1024-NA-991-R,122.160.57.146,01204214442_dsl:VTA-U-24576-1024-NA-991-R:122.160.57.146,North,U.P West
shyamg99_hry,VTA-U-409600-1024-NA-598-R,122.160.56.93,shyamg99_hry:VTA-U-409600-1024-NA-598-R:122.160.56.93,North,Haryana
012012904454_dsl,VTA-U-409600-1024-NA-491-R,122.160.51.76,012012904454_dsl:VTA-U-409600-1024-NA-491-R:122.160.51.76,North,U.P West
01143035338_dsl,VTA-U-409600-1024-NA-1250-R,122.160.51.201,01143035338_dsl:VTA-U-409600-1024-NA-1250-R:122.160.51.201,North,Delhi
012038803660_dsl,VTA-U-409600-1024-NA-506-R,122.160.50.92,012038803660_dsl:VTA-U-409600-1024-NA-506-R:122.160.50.92,North,U.P West
01163824533_dsl,VTA-U-409600-1024-NA-894-E,122.160.50.146,01163824533_dsl:VTA-U-409600-1024-NA-894-E:122.160.50.146,North,Delhi
01146582452_dsl,VTA-U-409600-1024-NA-805-R,122.160.5.218,01146582452_dsl:VTA-U-409600-1024-NA-805-R:122.160.5.218,North,Delhi
01245001366,VTA-U-409600-1024-NA-768-R,122.160.5.21,01245001366:VTA-U-409600-1024-NA-768-R:122.160.5.21,North,Haryana
01244075158_dsl,VTA-U-409600-1024-NA-425-R,122.160.5.188,01244075158_dsl:VTA-U-409600-1024-NA-425-R:122.160.5.188,North,Haryana
012014837304_dsl,VTA-U-1024000-1024-NA-4343-R,122.160.5.111,012014837304_dsl:VTA-U-1024000-1024-NA-4343-R:122.160.5.111,North,U.P West
01204213828_dsl,VTA-U-163841-1024-NA-954-R,122.160.49.243,01204213828_dsl:VTA-U-163841-1024-NA-954-R:122.160.49.243,North,U.P West
01145565344_dsl,VTA-U-163841-1024-NA-765-R,122.160.48.243,01145565344_dsl:VTA-U-163841-1024-NA-765-R:122.160.48.243,North,Delhi
01147032391_dsl,VTA-U-10241-512-NA-711-E,122.160.48.185,01147032391_dsl:VTA-U-10241-512-NA-711-E:122.160.48.185,North,Delhi
01146547931_dsl,VTA-U-409600-1024-NA-840-R,122.160.48.154,01146547931_dsl:VTA-U-409600-1024-NA-840-R:122.160.48.154,North,Delhi
01204221269_dsl,VTA-U-409600-1024-NA-913-R,122.160.48.142,01204221269_dsl:VTA-U-409600-1024-NA-913-R:122.160.48.142,North,U.P West
01145086242_dsl,VTA-U-163841-1024-NA-381-R,122.160.47.35,01145086242_dsl:VTA-U-163841-1024-NA-381-R:122.160.47.35,North,Delhi
01143215218_dsl,VTA-U-81922-512-NA-85-R,122.160.46.66,01143215218_dsl:VTA-U-81922-512-NA-85-R:122.160.46.66,North,Delhi
01142518464_dsl,VTA-U-409600-1024-NA-538-R,122.160.46.218,01142518464_dsl:VTA-U-409600-1024-NA-538-R:122.160.46.218,North,Delhi
01147563784_dsl,VTA-U-409600-1024-NA-1500-R,122.160.46.155,01147563784_dsl:VTA-U-409600-1024-NA-1500-R:122.160.46.155,North,Delhi
01245369016,VTA-U-24576-1024-NA-1098-R,122.160.45.227,01245369016:VTA-U-24576-1024-NA-1098-R:122.160.45.227,North,Haryana
01145531893_dsl,VTA-U-163841-1024-NA-558-R,122.160.43.52,01145531893_dsl:VTA-U-163841-1024-NA-558-R:122.160.43.52,North,Delhi
01246287398_dsl,VTA-U-24576-1024-NA-483-R,122.160.42.67,01246287398_dsl:VTA-U-24576-1024-NA-483-R:122.160.42.67,North,Haryana
01244237679_dsl,VTA-U-163841-1024-NA-1110-R,122.160.42.55,01244237679_dsl:VTA-U-163841-1024-NA-1110-R:122.160.42.55,North,Haryana
01244031540_dsl,VTA-U-163841-1024-NA-582-R,122.160.42.155,01244031540_dsl:VTA-U-163841-1024-NA-582-R:122.160.42.155,North,Haryana
01145038389_dsl,VTA-U-409600-1024-NA-793-R,122.160.40.161,01145038389_dsl:VTA-U-409600-1024-NA-793-R:122.160.40.161,North,Delhi
01143524844_dsl,VTA-U-409600-1024-NA-1060-E,122.160.4.94,01143524844_dsl:VTA-U-409600-1024-NA-1060-E:122.160.4.94,North,Delhi
1151613989_dsl,VTA-U-81922-1024-NA-1050-E,122.160.4.82,1151613989_dsl:VTA-U-81922-1024-NA-1050-E:122.160.4.82,North,Delhi
01140610038_dsl,VTA-U-409600-1024-NA-1263-R,122.160.4.17,01140610038_dsl:VTA-U-409600-1024-NA-1263-R:122.160.4.17,North,Delhi
01143023798_dsl,VTA-U-409600-1024-NA-676-R,122.160.4.123,01143023798_dsl:VTA-U-409600-1024-NA-676-R:122.160.4.123,North,Delhi
01143022401_dsl,VTA-U-409600-1024-NA-927-R,122.160.36.137,01143022401_dsl:VTA-U-409600-1024-NA-927-R:122.160.36.137,North,Delhi
01143043477_dsl,VTA-U-24576-1024-NA-549-R,122.160.33.97,01143043477_dsl:VTA-U-24576-1024-NA-549-R:122.160.33.97,North,Delhi
01145044754_dsl,VTA-U-409600-1024-NA-840-R,122.160.33.86,01145044754_dsl:VTA-U-409600-1024-NA-840-R:122.160.33.86,North,Delhi
01192586522_dsl,VTA-U-20480-1024-NA-1050-E,122.160.33.250,01192586522_dsl:VTA-U-20480-1024-NA-1050-E:122.160.33.250,North,Delhi
01191923904_dsl,VTA-U-409600-1024-NA-600-E,122.160.33.226,01191923904_dsl:VTA-U-409600-1024-NA-600-E:122.160.33.226,North,Delhi
01143580695_dsl,VTA-U-163841-1024-NA-973-E,122.160.33.124,01143580695_dsl:VTA-U-163841-1024-NA-973-E:122.160.33.124,North,Delhi
01193398644_dsl,VTA-U-163841-1024-NA-751-R,122.160.32.208,01193398644_dsl:VTA-U-163841-1024-NA-751-R:122.160.32.208,North,Delhi
012439070831_dsl,VTA-U-163841-1024-NA-972-R,122.160.32.206,012439070831_dsl:VTA-U-163841-1024-NA-972-R:122.160.32.206,North,Haryana
01294157003_dsl,VTA-U-163841-1024-NA-423-R,122.160.31.224,01294157003_dsl:VTA-U-163841-1024-NA-423-R:122.160.31.224,North,Haryana
01151420708,VTA-U-163841-1024-NA-670-R,122.160.31.185,01151420708:VTA-U-163841-1024-NA-670-R:122.160.31.185,North,Delhi
01145542320_dsl,VTA-U-409600-1024-NA-1363-E,122.160.31.133,01145542320_dsl:VTA-U-409600-1024-NA-1363-E:122.160.31.133,North,Haryana
056233252518_dsl,VTA-U-409600-1024-NA-108-R,122.160.30.80,056233252518_dsl:VTA-U-409600-1024-NA-108-R:122.160.30.80,North,North - UP West
01146064200_dsl,VTA-U-409600-1024-NA-568-E,122.160.30.33,01146064200_dsl:VTA-U-409600-1024-NA-568-E:122.160.30.33,North,Delhi
01146022488_dsl,VTA-U-24576-1024-NA-977-R,122.160.30.170,01146022488_dsl:VTA-U-24576-1024-NA-977-R:122.160.30.170,North,Delhi
056233047686_dsl,VTA-U-409600-1024-NA-766-R,122.160.30.135,056233047686_dsl:VTA-U-409600-1024-NA-766-R:122.160.30.135,North,North - UP West
01143098252_dsl,VTA-U-409600-1024-NA-1420-R,122.160.3.7,01143098252_dsl:VTA-U-409600-1024-NA-1420-R:122.160.3.7,North,Haryana
01143508321_dsl,VTA-U-409600-1024-NA-647-E,122.160.3.39,01143508321_dsl:VTA-U-409600-1024-NA-647-E:122.160.3.39,North,Delhi
01146562677_dsl,VTA-U-24576-1024-NA-1300-E,122.160.3.30,01146562677_dsl:VTA-U-24576-1024-NA-1300-E:122.160.3.30,North,Haryana
01142178321_dsl,VTA-U-409600-1024-NA-1024-E,122.160.3.122,01142178321_dsl:VTA-U-409600-1024-NA-1024-E:122.160.3.122,North,Delhi
01143523870_dsl,VTA-U-409600-1024-NA-130-R,122.160.26.74,01143523870_dsl:VTA-U-409600-1024-NA-130-R:122.160.26.74,North,Delhi
01204297882_dsl,VTA-U-24576-1024-NA-659-R,122.160.254.3,01204297882_dsl:VTA-U-24576-1024-NA-659-R:122.160.254.3,North,U.P West
01204218887_dsl,VTA-U-163841-1024-NA-1050-E,122.160.254.158,01204218887_dsl:VTA-U-163841-1024-NA-1050-E:122.160.254.158,North,U.P West
01146504200_dsl,VTA-U-409600-1024-NA-546-R,122.160.253.86,01146504200_dsl:VTA-U-409600-1024-NA-546-R:122.160.253.86,North,Delhi
01147058175_dsl,VTA-U-409600-1024-NA-300-R,122.160.253.141,01147058175_dsl:VTA-U-409600-1024-NA-300-R:122.160.253.141,North,Delhi
052234977955_dsl,VTA-U-24576-1024-NA-456-R,122.160.25.27,052234977955_dsl:VTA-U-24576-1024-NA-456-R:122.160.25.27,North,UP East
05226118037_dsl,VTA-U-409600-1024-NA-200-R,122.160.25.236,05226118037_dsl:VTA-U-409600-1024-NA-200-R:122.160.25.236,North,UP East
052236383164_dsl,VTA-U-40960-1024-NA-710-R,122.160.25.175,052236383164_dsl:VTA-U-40960-1024-NA-710-R:122.160.25.175,North,UP East
01145586529_dsl,VTA-U-409600-1024-NA-583-R,122.160.24.95,01145586529_dsl:VTA-U-409600-1024-NA-583-R:122.160.24.95,North,Delhi
01143562595_dsl,VTA-U-409600-1024-NA-334-R,122.160.24.178,01143562595_dsl:VTA-U-409600-1024-NA-334-R:122.160.24.178,North,Delhi
01146016090_dsl,VTA-U-409600-1024-NA-565-R,122.160.24.151,01146016090_dsl:VTA-U-409600-1024-NA-565-R:122.160.24.151,North,Delhi
01141859738_dsl,VTA-U-409600-1024-NA-707-R,122.160.23.169,01141859738_dsl:VTA-U-409600-1024-NA-707-R:122.160.23.169,North,Delhi
01146594995_dsl,VTA-U-409600-1024-NA-985-E,122.160.23.124,01146594995_dsl:VTA-U-409600-1024-NA-985-E:122.160.23.124,North,Delhi
01146504282_dsl,VTA-U-409600-1024-NA-906-R,122.160.22.46,01146504282_dsl:VTA-U-409600-1024-NA-906-R:122.160.22.46,North,Delhi
01145578601_dsl,VTA-U-409600-1024-NA-719-R,122.160.22.227,01145578601_dsl:VTA-U-409600-1024-NA-719-R:122.160.22.227,North,Delhi
01146019580_dsl,VTA-U-81922-1024-NA-782-R,122.160.22.193,01146019580_dsl:VTA-U-81922-1024-NA-782-R:122.160.22.193,North,Delhi
01143081131_dsl,VTA-U-409600-1024-NA-707-R,122.160.22.175,01143081131_dsl:VTA-U-409600-1024-NA-707-R:122.160.22.175,North,Delhi
01145577992_dsl,VTA-U-163841-1024-NA-527-R,122.160.21.203,01145577992_dsl:VTA-U-163841-1024-NA-527-R:122.160.21.203,North,Delhi
01145504809_dsl,VTA-U-163841-1024-NA-255-R,122.160.21.196,01145504809_dsl:VTA-U-163841-1024-NA-255-R:122.160.21.196,North,Delhi
01196961889_dsl,VTA-U-1024000-1024-NA-1225-R,122.160.202.77,01196961889_dsl:VTA-U-1024000-1024-NA-1225-R:122.160.202.77,North,Delhi
01164073584_dsl,VTA-U-163841-1024-NA-577-R,122.160.202.166,01164073584_dsl:VTA-U-163841-1024-NA-577-R:122.160.202.166,North,Delhi
01147016656_dsl,VTA-U-409600-1024-NA-980-R,122.160.202.14,01147016656_dsl:VTA-U-409600-1024-NA-980-R:122.160.202.14,North,Delhi
01294087512,VTA-U-409600-1024-NA-300-R,122.160.200.178,01294087512:VTA-U-409600-1024-NA-300-R:122.160.200.178,North,Haryana
01244043074_dsl,VTA-U-163841-1024-NA-494-R,122.160.200.169,01244043074_dsl:VTA-U-163841-1024-NA-494-R:122.160.200.169,North,Haryana
01244142701_dsl,VTA-U-1024000-1024-NA-877-R,122.160.200.125,01244142701_dsl:VTA-U-1024000-1024-NA-877-R:122.160.200.125,North,Haryana
01145589605_dsl,VTA-U-409600-1024-NA-447-R,122.160.2.185,01145589605_dsl:VTA-U-409600-1024-NA-447-R:122.160.2.185,North,Delhi
01142610344_dsl,VTA-U-409600-1024-NA-1434-R,122.160.2.179,01142610344_dsl:VTA-U-409600-1024-NA-1434-R:122.160.2.179,North,Haryana
01195093746_dsl,VTA-U-409600-1024-NA-210-E,122.160.2.154,01195093746_dsl:VTA-U-409600-1024-NA-210-E:122.160.2.154,North,Delhi
01191368882_dsl,VTA-U-409600-1024-NA-683-R,122.160.199.223,01191368882_dsl:VTA-U-409600-1024-NA-683-R:122.160.199.223,North,Delhi
01191364289_dsl,VTA-U-409600-1024-NA-924-R,122.160.199.218,01191364289_dsl:VTA-U-409600-1024-NA-924-R:122.160.199.218,North,Delhi
01191361964_dsl,VTA-U-409600-1024-NA-838-R,122.160.199.195,01191361964_dsl:VTA-U-409600-1024-NA-838-R:122.160.199.195,North,Delhi
01191361875_dsl,VTA-U-409600-1024-NA-1141-R,122.160.199.182,01191361875_dsl:VTA-U-409600-1024-NA-1141-R:122.160.199.182,North,Delhi
01168519169_dsl,VTA-U-409600-1024-NA-914-R,122.160.197.250,01168519169_dsl:VTA-U-409600-1024-NA-914-R:122.160.197.250,North,Delhi
01174395859_dsl,VTA-U-409600-1024-NA-1050-R,122.160.196.34,01174395859_dsl:VTA-U-409600-1024-NA-1050-R:122.160.196.34,North,Delhi
01147501792_dsl,VTA-U-409600-1024-NA-520-R,122.160.196.221,01147501792_dsl:VTA-U-409600-1024-NA-520-R:122.160.196.221,North,Delhi
01244270315_dsl,VTA-U-1024000-1024-NA-1235-R,122.160.193.190,01244270315_dsl:VTA-U-1024000-1024-NA-1235-R:122.160.193.190,North,Haryana
01147501575_dsl,VTA-U-24576-1024-NA-161-R,122.160.192.158,01147501575_dsl:VTA-U-24576-1024-NA-161-R:122.160.192.158,North,Delhi
012016010480_dsl,VTA-U-81922-512-NA-70-R,122.160.192.130,012016010480_dsl:VTA-U-81922-512-NA-70-R:122.160.192.130,North,U.P West
012440792845_dsl,VTA-U-409600-1024-NA-960-E,122.160.19.84,012440792845_dsl:VTA-U-409600-1024-NA-960-E:122.160.19.84,North,Haryana
01195435176_dsl,VTA-U-409600-1024-NA-437-R,122.160.19.192,01195435176_dsl:VTA-U-409600-1024-NA-437-R:122.160.19.192,North,Delhi
01146037556_dsl,VTA-U-409600-1024-NA-1053-R,122.160.19.158,01146037556_dsl:VTA-U-409600-1024-NA-1053-R:122.160.19.158,North,Delhi
056231788869_dsl,VTA-U-81922-512-NA-526-R,122.160.19.141,056231788869_dsl:VTA-U-81922-512-NA-526-R:122.160.19.141,North,North - UP West
01195054789_dsl,VTA-U-163841-1024-NA-305-E,122.160.19.103,01195054789_dsl:VTA-U-163841-1024-NA-305-E:122.160.19.103,North,Delhi
01146560298_dsl,VTA-U-409600-1024-NA-253-E,122.160.186.57,01146560298_dsl:VTA-U-409600-1024-NA-253-E:122.160.186.57,North,Delhi
01192585215_dsl,VTA-U-81922-1024-NA-1044-R,122.160.186.35,01192585215_dsl:VTA-U-81922-1024-NA-1044-R:122.160.186.35,North,Delhi
01146026507_dsl,VTA-U-409600-1024-NA-1393-E,122.160.18.118,01146026507_dsl:VTA-U-409600-1024-NA-1393-E:122.160.18.118,North,Haryana
01204208515_dsl,VTA-U-24576-1024-NA-304-R,122.160.175.247,01204208515_dsl:VTA-U-24576-1024-NA-304-R:122.160.175.247,North,U.P West
01204340155_DSL,VTA-U-409600-1024-NA-363-R,122.160.175.114,01204340155_DSL:VTA-U-409600-1024-NA-363-R:122.160.175.114,North,U.P West
012411681277_dsl,VTA-U-1024000-1024-NA-1438-R,122.160.173.3,012411681277_dsl:VTA-U-1024000-1024-NA-1438-R:122.160.173.3,North,Haryana
GA002027_dsl,VTA-U-163841-1024-NA-702-R,122.160.173.184,GA002027_dsl:VTA-U-163841-1024-NA-702-R:122.160.173.184,North,Haryana
01294044228_dsl,VTA-U-81922-1024-NA-204-E,122.160.173.182,01294044228_dsl:VTA-U-81922-1024-NA-204-E:122.160.173.182,North,Haryana
01146026939_dsl,VTA-U-409600-1024-NA-783-E,122.160.17.73,01146026939_dsl:VTA-U-409600-1024-NA-783-E:122.160.17.73,North,Haryana
01146095958_dsl,VTA-U-409600-1024-NA-342-R,122.160.17.53,01146095958_dsl:VTA-U-409600-1024-NA-342-R:122.160.17.53,North,Haryana
01141455511_dsl,VTA-U-409600-1024-NA-673-R,122.160.17.28,01141455511_dsl:VTA-U-409600-1024-NA-673-R:122.160.17.28,North,Delhi
01145096225_dsl,VTA-U-163841-1024-NA-679-R,122.160.17.138,01145096225_dsl:VTA-U-163841-1024-NA-679-R:122.160.17.138,North,Delhi
01246400362_dsl,VTA-U-163841-1024-NA-615-R,122.160.166.118,01246400362_dsl:VTA-U-163841-1024-NA-615-R:122.160.166.118,North,Haryana
01244255963_dsl,VTA-U-20480-1024-NA-883-R,122.160.164.112,01244255963_dsl:VTA-U-20480-1024-NA-883-R:122.160.164.112,North,Haryana
012041422923_dsl,VTA-U-409600-1024-NA-1500-R,122.160.16.234,012041422923_dsl:VTA-U-409600-1024-NA-1500-R:122.160.16.234,North,U.P West
01195905992_dsl,VTA-U-409600-1024-NA-956-R,122.160.16.148,01195905992_dsl:VTA-U-409600-1024-NA-956-R:122.160.16.148,North,Delhi
01140573211_dsl,VTA-U-409600-1024-NA-888-R,122.160.159.41,01140573211_dsl:VTA-U-409600-1024-NA-888-R:122.160.159.41,North,Delhi
01146039363_dsl,VTA-U-163841-1024-NA-930-E,122.160.158.175,01146039363_dsl:VTA-U-163841-1024-NA-930-E:122.160.158.175,North,Delhi
01164160045_dsl,VTA-U-409600-1024-NA-703-R,122.160.158.103,01164160045_dsl:VTA-U-409600-1024-NA-703-R:122.160.158.103,North,Delhi
01294012068_dsl,VTA-U-409600-1024-NA-1114-R,122.160.157.11,01294012068_dsl:VTA-U-409600-1024-NA-1114-R:122.160.157.11,North,Haryana
01160526915_dsl,VTA-U-163841-1024-NA-1043-R,122.160.156.92,01160526915_dsl:VTA-U-163841-1024-NA-1043-R:122.160.156.92,North,Delhi
052231789277_dsl,VTA-U-409600-1024-NA-140-R,122.160.154.4,052231789277_dsl:VTA-U-409600-1024-NA-140-R:122.160.154.4,North,UP East
01204153841_dsl,VTA-U-409600-1024-NA-1130-R,122.160.151.252,01204153841_dsl:VTA-U-409600-1024-NA-1130-R:122.160.151.252,North,U.P West
01204155929_dsl,VTA-U-163841-1024-NA-1023-R,122.160.151.212,01204155929_dsl:VTA-U-163841-1024-NA-1023-R:122.160.151.212,North,U.P West
052234002743_dsl,VTA-U-409600-1024-NA-909-R,122.160.15.88,052234002743_dsl:VTA-U-409600-1024-NA-909-R:122.160.15.88,North,UP East
052231944678_dsl,VTA-U-409600-1024-NA-646-R,122.160.15.80,052231944678_dsl:VTA-U-409600-1024-NA-646-R:122.160.15.80,North,UP East
052230910162_dsl,VTA-U-24576-1024-NA-822-R,122.160.15.60,052230910162_dsl:VTA-U-24576-1024-NA-822-R:122.160.15.60,North,UP East
052232830178_dsl,VTA-U-409600-1024-NA-880-R,122.160.15.124,052232830178_dsl:VTA-U-409600-1024-NA-880-R:122.160.15.124,North,UP East
052234182745_dsl,VTA-U-163841-512-NA-480-R,122.160.15.117,052234182745_dsl:VTA-U-163841-512-NA-480-R:122.160.15.117,North,UP East
01204212925_dsl,VTA-U-409600-1024-NA-871-R,122.160.147.183,01204212925_dsl:VTA-U-409600-1024-NA-871-R:122.160.147.183,North,U.P West
012912477169_dsl,VTA-U-20480-1024-NA-1195-R,122.160.142.58,012912477169_dsl:VTA-U-20480-1024-NA-1195-R:122.160.142.58,North,Haryana
01294006963_dsl,VTA-U-81922-1024-NA-716-R,122.160.142.234,01294006963_dsl:VTA-U-81922-1024-NA-716-R:122.160.142.234,North,Haryana
01244264159_dsl,VTA-U-163841-1024-NA-987-E,122.160.142.2,01244264159_dsl:VTA-U-163841-1024-NA-987-E:122.160.142.2,North,Haryana
01146582414_dsl,VTA-U-81922-1024-NA-1026-E,122.160.141.37,01146582414_dsl:VTA-U-81922-1024-NA-1026-E:122.160.141.37,North,Delhi
01184446666_dsl,VTA-U-409600-1024-NA-1500-R,122.160.141.28,01184446666_dsl:VTA-U-409600-1024-NA-1500-R:122.160.141.28,North,Delhi
01141419676_dsl,VTA-U-409600-1024-NA-915-E,122.160.141.174,01141419676_dsl:VTA-U-409600-1024-NA-915-E:122.160.141.174,North,Delhi
01143052873_dsl,VTA-U-40960-512-NA-1097-R,122.160.141.171,01143052873_dsl:VTA-U-40960-512-NA-1097-R:122.160.141.171,North,Delhi
01145512511_dsl,VTA-U-409600-1024-NA-947-R,122.160.141.123,01145512511_dsl:VTA-U-409600-1024-NA-947-R:122.160.141.123,North,Delhi
01147057892_dsl,VTA-U-20480-1024-NA-1003-R,122.160.140.53,01147057892_dsl:VTA-U-20480-1024-NA-1003-R:122.160.140.53,North,Delhi
01147025995_dsl,VTA-U-409600-1024-NA-703-R,122.160.140.42,01147025995_dsl:VTA-U-409600-1024-NA-703-R:122.160.140.42,North,Delhi
01147501576_dsl,VTA-U-409600-1024-NA-1036-R,122.160.140.23,01147501576_dsl:VTA-U-409600-1024-NA-1036-R:122.160.140.23,North,Haryana
01146064385_dsl,VTA-U-409600-1024-NA-246-R,122.160.14.86,01146064385_dsl:VTA-U-409600-1024-NA-246-R:122.160.14.86,North,Delhi
01140597501_dsl,VTA-U-409600-1024-NA-522-R,122.160.14.35,01140597501_dsl:VTA-U-409600-1024-NA-522-R:122.160.14.35,North,Delhi
01143061165_dsl,VTA-U-163841-1024-NA-596-R,122.160.14.174,01143061165_dsl:VTA-U-163841-1024-NA-596-R:122.160.14.174,North,Delhi
018036440348_dsl,VTA-U-163841-1024-NA-1253-R,122.160.139.18,018036440348_dsl:VTA-U-163841-1024-NA-1253-R:122.160.139.18,North,North - Haryana
01204210277_dsl,,122.160.137.197,01204210277_dsl::122.160.137.197,North,U.P West
01145527828_dsl,VTA-U-409600-1024-NA-1003-E,122.160.136.81,01145527828_dsl:VTA-U-409600-1024-NA-1003-E:122.160.136.81,North,Delhi
01145508911_dsl,VTA-U-163841-1024-NA-877-E,122.160.13.85,01145508911_dsl:VTA-U-163841-1024-NA-877-E:122.160.13.85,North,Delhi
01146019796_dsl,VTA-U-409600-1024-NA-1250-R,122.160.13.80,01146019796_dsl:VTA-U-409600-1024-NA-1250-R:122.160.13.80,North,Delhi
01183901250_dsl,VTA-U-163841-1024-NA-1001-R,122.160.13.112,01183901250_dsl:VTA-U-163841-1024-NA-1001-R:122.160.13.112,North,Delhi
01184637385_dsl,VTA-U-163841-1024-NA-1050-R,122.160.13.108,01184637385_dsl:VTA-U-163841-1024-NA-1050-R:122.160.13.108,North,Delhi
01196006580_dsl,VTA-U-409600-1024-NA-894-R,122.160.128.31,01196006580_dsl:VTA-U-409600-1024-NA-894-R:122.160.128.31,North,Delhi
01147019155_dsl,VTA-U-409600-1024-NA-587-R,122.160.128.179,01147019155_dsl:VTA-U-409600-1024-NA-587-R:122.160.128.179,North,Delhi
016136436586_dsl,VTA-U-409600-1024-NA-603-R,122.160.12.92,016136436586_dsl:VTA-U-409600-1024-NA-603-R:122.160.12.92,North,Punjab
016136439197_dsl,VTA-U-409600-1024-NA-101-R,122.160.12.159,016136439197_dsl:VTA-U-409600-1024-NA-101-R:122.160.12.159,North,Punjab
01616463248_dsl,VTA-U-20480-512-NA-694-E,122.160.12.104,01616463248_dsl:VTA-U-20480-512-NA-694-E:122.160.12.104,North,Punjab
1151617871_dsl,VTA-U-1024000-1024-NA-1399-R,122.160.119.126,1151617871_dsl:VTA-U-1024000-1024-NA-1399-R:122.160.119.126,North,Delhi
01246469836_dsl,VTA-U-163841-512-NA-880-E,122.160.115.3,01246469836_dsl:VTA-U-163841-512-NA-880-E:122.160.115.3,north,Haryana
01204228646_dsl,VTA-U-24576-1024-NA-468-R,122.160.115.136,01204228646_dsl:VTA-U-24576-1024-NA-468-R:122.160.115.136,North,U.P West
052234650493_dsl,VTA-U-163841-1024-NA-476-R,122.160.111.84,052234650493_dsl:VTA-U-163841-1024-NA-476-R:122.160.111.84,North,UP East
052235145949_dsl,VTA-U-409600-1024-NA-942-R,122.160.111.69,052235145949_dsl:VTA-U-409600-1024-NA-942-R:122.160.111.69,North,UP East
01145515795_dsl,VTA-U-163841-1024-NA-866-R,122.160.11.63,01145515795_dsl:VTA-U-163841-1024-NA-866-R:122.160.11.63,North,Delhi
01146089189_dsl,VTA-U-409600-1024-NA-263-R,122.160.11.229,01146089189_dsl:VTA-U-409600-1024-NA-263-R:122.160.11.229,North,Delhi
01143044099_dsl,VTA-U-409600-1024-NA-1112-R,122.160.11.227,01143044099_dsl:VTA-U-409600-1024-NA-1112-R:122.160.11.227,North,Haryana
01186346625_dsl,VTA-U-409600-1024-NA-785-R,122.160.11.219,01186346625_dsl:VTA-U-409600-1024-NA-785-R:122.160.11.219,North,Delhi
01140573229_dsl,VTA-U-81922-1024-NA-827-R,122.160.11.211,01140573229_dsl:VTA-U-81922-1024-NA-827-R:122.160.11.211,North,Delhi
01143017074_dsl,VTA-U-409600-1024-NA-720-E,122.160.11.170,01143017074_dsl:VTA-U-409600-1024-NA-720-E:122.160.11.170,North,Delhi
01143552226_dsl,VTA-U-40960-1024-NA-1010-R,122.160.11.136,01143552226_dsl:VTA-U-40960-1024-NA-1010-R:122.160.11.136,North,Delhi
012019773788_dsl,VTA-U-409600-1024-NA-1728-R,122.160.103.179,012019773788_dsl:VTA-U-409600-1024-NA-1728-R:122.160.103.179,North,U.P West
012428720786_dsl,VTA-U-409600-1024-NA-1073-R,122.160.103.176,012428720786_dsl:VTA-U-409600-1024-NA-1073-R:122.160.103.176,North,Haryana
01166783507_dsl,VTA-U-409600-1024-NA-1250-R,122.160.10.81,01166783507_dsl:VTA-U-409600-1024-NA-1250-R:122.160.10.81,North,Delhi
01145531956_dsl,VTA-U-24576-1024-NA-450-R,122.160.10.5,01145531956_dsl:VTA-U-24576-1024-NA-450-R:122.160.10.5,North,Delhi
01146082652_dsl,VTA-U-409600-1024-NA-965-R,122.160.10.27,01146082652_dsl:VTA-U-409600-1024-NA-965-R:122.160.10.27,North,Delhi
01146067841_dsl,VTA-U-409600-1024-NA-417-E,122.160.10.238,01146067841_dsl:VTA-U-409600-1024-NA-417-E:122.160.10.238,North,Delhi
01160228837_dsl,VTA-U-409600-1024-NA-526-R,122.160.1.154,01160228837_dsl:VTA-U-409600-1024-NA-526-R:122.160.1.154,North,Haryana
012439038889_dsl,VTA-U-40960-1024-NA-1036-R,122.160.0.243,012439038889_dsl:VTA-U-40960-1024-NA-1036-R:122.160.0.243,North,Haryana
012039452482_dsl,VTA-U-409600-1024-NA-180-R,122.160.0.225,012039452482_dsl:VTA-U-409600-1024-NA-180-R:122.160.0.225,North,U.P West
01193896833_dsl,VTA-U-409600-1024-NA-328-R,122.160.0.128,01193896833_dsl:VTA-U-409600-1024-NA-328-R:122.160.0.128,North,Delhi
012939441286_dsl,VTA-U-409600-1024-NA-433-R,122.160.0.118,012939441286_dsl:VTA-U-409600-1024-NA-433-R:122.160.0.118,North,Haryana
02292557215_mh,VTA-U-409600-1024-NA-455-R,110.227.254.199,02292557215_mh:VTA-U-409600-1024-NA-455-R:110.227.254.199,West,Mumbai
02292592235_mh,VTA-U-1024000-1024-NA-438-R,110.227.254.119,02292592235_mh:VTA-U-1024000-1024-NA-438-R:110.227.254.119,West,Mumbai
01140588953_dsl,VTA-U-409600-1024-NA-1250-R,110.227.191.75,01140588953_dsl:VTA-U-409600-1024-NA-1250-R:110.227.191.75,North,Delhi
012924173272_dsl,VTA-U-409600-1024-NA-351-R,110.227.190.116,012924173272_dsl:VTA-U-409600-1024-NA-351-R:110.227.190.116,North,Haryana
01151016941_dsl,VTA-U-409600-1024-NA-538-R,110.227.189.83,01151016941_dsl:VTA-U-409600-1024-NA-538-R:110.227.189.83,North,Delhi
01143596487_dsl,VTA-U-409600-1024-NA-812-R,110.227.189.33,01143596487_dsl:VTA-U-409600-1024-NA-812-R:110.227.189.33,North,Delhi
01145019706_dsl,VTA-U-163841-1024-NA-971-R,110.227.188.238,01145019706_dsl:VTA-U-163841-1024-NA-971-R:110.227.188.238,North,Delhi
02296457043_mh,VTA-U-1024000-1024-NA-1058-R,106.201.233.122,02296457043_mh:VTA-U-1024000-1024-NA-1058-R:106.201.233.122,West,Mumbai
02240060708_mh,,106.201.230.53,02240060708_mh::106.201.230.53,West,Mumbai
02292452418_mh,VTA-U-409600-1024-NA-428-R,106.201.230.31,02292452418_mh:VTA-U-409600-1024-NA-428-R:106.201.230.31,West,MP
